month,segment,orders,returns,revenue,profit,month_date
2024-01,East,65,6,5108.13000000,1763.79000000,2024-01-01
2024-01,North,69,7,6659.47000000,2065.32000000,2024-01-01
2024-01,South,73,7,5897.29000000,2108.26000000,2024-01-01
2024-01,West,85,6,7802.91000000,2462.97000000,2024-01-01
2024-02,East,110,11,10524.59000000,3206.53000000,2024-02-01
2024-02,North,95,4,8485.01000000,3031.44000000,2024-02-01
2024-02,South,74,7,7254.66000000,2239.07000000,2024-02-01
2024-02,West,97,9,8141.84000000,2917.73000000,2024-02-01
2024-03,East,99,8,8966.45000000,2932.31000000,2024-03-01
2024-03,North,119,10,11027.54000000,3544.40000000,2024-03-01
2024-03,South,124,11,9717.13000000,3514.43000000,2024-03-01
2024-03,West,124,14,12008.17000000,3676.70000000,2024-03-01
2024-04,East,148,11,13863.84000000,4350.63000000,2024-04-01
2024-04,North,128,16,11169.13000000,3605.03000000,2024-04-01
2024-04,South,125,15,11266.00000000,3334.62000000,2024-04-01
2024-04,West,137,13,13160.14000000,3690.54000000,2024-04-01
2024-05,East,173,17,15007.63000000,4925.86000000,2024-05-01
2024-05,North,176,20,16709.12000000,5240.28000000,2024-05-01
2024-05,South,177,20,15687.14000000,4481.42000000,2024-05-01
2024-05,West,168,14,14650.17000000,5015.99000000,2024-05-01
2024-06,East,221,17,21341.42000000,6525.03000000,2024-06-01
2024-06,North,165,7,15301.26000000,4851.38000000,2024-06-01
2024-06,South,199,16,17706.62000000,5852.70000000,2024-06-01
2024-06,West,195,13,19807.25000000,5895.21000000,2024-06-01
2024-07,East,243,17,22539.09000000,7400.73000000,2024-07-01
2024-07,North,199,15,19625.68000000,5667.12000000,2024-07-01
2024-07,South,215,17,21065.33000000,7108.04000000,2024-07-01
2024-07,West,222,24,19202.01000000,6079.27000000,2024-07-01
2024-08,East,237,14,23388.86000000,7738.99000000,2024-08-01
2024-08,North,228,27,20336.23000000,6255.97000000,2024-08-01
2024-08,South,245,20,21455.74000000,6796.96000000,2024-08-01
2024-08,West,251,17,26363.74000000,7639.90000000,2024-08-01
2024-09,East,271,20,25464.46000000,8007.56000000,2024-09-01
2024-09,North,252,23,23051.12000000,7594.28000000,2024-09-01
2024-09,South,242,30,20403.81000000,6213.46000000,2024-09-01
2024-09,West,267,15,27252.70000000,8499.26000000,2024-09-01
2024-10,East,305,27,27583.98000000,8717.30000000,2024-10-01
2024-10,North,252,21,24269.89000000,7769.37000000,2024-10-01
2024-10,South,289,27,26148.23000000,8310.05000000,2024-10-01
2024-10,West,287,21,27115.37000000,8839.14000000,2024-10-01
2024-11,East,245,26,24694.38000000,7112.78000000,2024-11-01
2024-11,North,234,19,20375.53000000,6567.16000000,2024-11-01
2024-11,South,234,28,20788.73000000,6443.51000000,2024-11-01
2024-11,West,239,27,20636.90000000,6276.27000000,2024-11-01
2024-12,East,235,22,20097.89000000,6486.05000000,2024-12-01
2024-12,North,227,19,21505.15000000,6635.09000000,2024-12-01
2024-12,South,207,23,20257.90000000,6096.51000000,2024-12-01
2024-12,West,242,26,22022.64000000,6480.08000000,2024-12-01
2025-01,East,235,20,20422.22000000,6982.63000000,2025-01-01
2025-01,North,218,23,21130.88000000,6348.98000000,2025-01-01
2025-01,South,218,23,19786.62000000,6150.33000000,2025-01-01
2025-01,West,224,15,21869.56000000,6708.85000000,2025-01-01
2025-02,East,242,30,22621.01000000,7050.10000000,2025-02-01
2025-02,North,185,21,16762.15000000,5278.83000000,2025-02-01
2025-02,South,206,18,18942.96000000,6047.61000000,2025-02-01
2025-02,West,218,23,18590.35000000,6177.64000000,2025-02-01
2025-03,East,230,21,20743.55000000,6475.05000000,2025-03-01
2025-03,North,215,24,20219.20000000,6181.48000000,2025-03-01
2025-03,South,203,19,16668.45000000,5007.22000000,2025-03-01
2025-03,West,227,28,21731.74000000,6583.78000000,2025-03-01
2025-04,East,244,19,20113.02000000,6840.20000000,2025-04-01
2025-04,North,198,18,18106.75000000,5387.40000000,2025-04-01
2025-04,South,206,15,18411.52000000,6072.49000000,2025-04-01
2025-04,West,169,19,14390.58000000,4648.54000000,2025-04-01
2025-05,East,219,16,21139.35000000,7048.52000000,2025-05-01
2025-05,North,182,16,17371.17000000,5511.41000000,2025-05-01
2025-05,South,155,12,14999.73000000,4822.51000000,2025-05-01
2025-05,West,194,21,16365.47000000,5221.68000000,2025-05-01
2025-06,East,176,17,16791.39000000,4878.94000000,2025-06-01
2025-06,North,166,12,15034.77000000,4489.08000000,2025-06-01
2025-06,South,181,21,15835.27000000,5097.47000000,2025-06-01
2025-06,West,174,17,14392.28000000,4862.51000000,2025-06-01
