cohort,age,active_customers,cohort_size,retention
2024-01,0,214,214,1.000000
2024-01,1,79,214,0.369159
2024-01,2,83,214,0.387850
2024-01,3,67,214,0.313084
2024-01,4,59,214,0.275701
2024-01,5,66,214,0.308411
2024-01,6,60,214,0.280374
2024-01,7,50,214,0.233645
2024-01,8,61,214,0.285047
2024-01,9,50,214,0.233645
2024-01,10,46,214,0.214953
2024-01,11,54,214,0.252336
2024-01,12,52,214,0.242991
2024-01,13,54,214,0.252336
2024-01,14,47,214,0.219626
2024-01,15,42,214,0.196262
2024-01,16,42,214,0.196262
2024-01,17,39,214,0.182243
2024-02,0,210,210,1.000000
2024-02,1,84,210,0.400000
2024-02,2,81,210,0.385714
2024-02,3,84,210,0.400000
2024-02,4,79,210,0.376190
2024-02,5,70,210,0.333333
2024-02,6,62,210,0.295238
2024-02,7,70,210,0.333333
2024-02,8,69,210,0.328571
2024-02,9,63,210,0.300000
2024-02,10,60,210,0.285714
2024-02,11,48,210,0.228571
2024-02,12,54,210,0.257143
2024-02,13,58,210,0.276190
2024-02,14,55,210,0.261905
2024-02,15,40,210,0.190476
2024-02,16,48,210,0.228571
2024-03,0,181,181,1.000000
2024-03,1,64,181,0.353591
2024-03,2,79,181,0.436464
2024-03,3,68,181,0.375691
2024-03,4,70,181,0.386740
2024-03,5,70,181,0.386740
2024-03,6,53,181,0.292818
2024-03,7,56,181,0.309392
2024-03,8,56,181,0.309392
2024-03,9,50,181,0.276243
2024-03,10,46,181,0.254144
2024-03,11,43,181,0.237569
2024-03,12,47,181,0.259669
2024-03,13,48,181,0.265193
2024-03,14,41,181,0.226519
2024-03,15,42,181,0.232044
2024-04,0,199,199,1.000000
2024-04,1,80,199,0.402010
2024-04,2,79,199,0.396985
2024-04,3,78,199,0.391960
2024-04,4,78,199,0.391960
2024-04,5,70,199,0.351759
2024-04,6,57,199,0.286432
2024-04,7,57,199,0.286432
2024-04,8,66,199,0.331658
2024-04,9,60,199,0.301508
2024-04,10,56,199,0.281407
2024-04,11,43,199,0.216080
2024-04,12,51,199,0.256281
2024-04,13,59,199,0.296482
2024-04,14,46,199,0.231156
2024-05,0,208,208,1.000000
2024-05,1,80,208,0.384615
2024-05,2,80,208,0.384615
2024-05,3,71,208,0.341346
2024-05,4,62,208,0.298077
2024-05,5,70,208,0.336538
2024-05,6,75,208,0.360577
2024-05,7,64,208,0.307692
2024-05,8,59,208,0.283654
2024-05,9,55,208,0.264423
2024-05,10,63,208,0.302885
2024-05,11,55,208,0.264423
2024-05,12,50,208,0.240385
2024-05,13,51,208,0.245192
2024-06,0,203,203,1.000000
2024-06,1,81,203,0.399015
2024-06,2,82,203,0.403941
2024-06,3,74,203,0.364532
2024-06,4,66,203,0.325123
2024-06,5,79,203,0.389163
2024-06,6,54,203,0.266010
2024-06,7,65,203,0.320197
2024-06,8,51,203,0.251232
2024-06,9,57,203,0.280788
2024-06,10,44,203,0.216749
2024-06,11,49,203,0.241379
2024-06,12,57,203,0.280788
2024-07,0,236,236,1.000000
2024-07,1,105,236,0.444915
2024-07,2,98,236,0.415254
2024-07,3,89,236,0.377119
2024-07,4,80,236,0.338983
2024-07,5,92,236,0.389831
2024-07,6,94,236,0.398305
2024-07,7,84,236,0.355932
2024-07,8,83,236,0.351695
2024-07,9,71,236,0.300847
2024-07,10,73,236,0.309322
2024-07,11,62,236,0.262712
2024-08,0,200,200,1.000000
2024-08,1,76,200,0.380000
2024-08,2,82,200,0.410000
2024-08,3,73,200,0.365000
2024-08,4,73,200,0.365000
2024-08,5,59,200,0.295000
2024-08,6,65,200,0.325000
2024-08,7,61,200,0.305000
2024-08,8,66,200,0.330000
2024-08,9,49,200,0.245000
2024-08,10,51,200,0.255000
2024-09,0,213,213,1.000000
2024-09,1,75,213,0.352113
2024-09,2,71,213,0.333333
2024-09,3,68,213,0.319249
2024-09,4,63,213,0.295775
2024-09,5,70,213,0.328638
2024-09,6,58,213,0.272300
2024-09,7,57,213,0.267606
2024-09,8,60,213,0.281690
2024-09,9,57,213,0.267606
2024-10,0,231,231,1.000000
2024-10,1,81,231,0.350649
2024-10,2,77,231,0.333333
2024-10,3,91,231,0.393939
2024-10,4,86,231,0.372294
2024-10,5,81,231,0.350649
2024-10,6,70,231,0.303030
2024-10,7,81,231,0.350649
2024-10,8,60,231,0.259740
2024-11,0,31,31,1.000000
2024-11,1,9,31,0.290323
2024-11,2,9,31,0.290323
2024-11,3,13,31,0.419355
2024-11,4,17,31,0.548387
2024-11,5,10,31,0.322581
2024-11,6,8,31,0.258065
2024-11,7,4,31,0.129032
2024-12,0,18,18,1.000000
2024-12,1,9,18,0.500000
2024-12,2,4,18,0.222222
2024-12,3,8,18,0.444444
2024-12,4,4,18,0.222222
2024-12,5,4,18,0.222222
2024-12,6,8,18,0.444444
2025-01,0,10,10,1.000000
2025-01,1,2,10,0.200000
2025-01,2,4,10,0.400000
2025-01,3,2,10,0.200000
2025-01,4,5,10,0.500000
2025-01,5,1,10,0.100000
2025-02,0,8,8,1.000000
2025-02,1,1,8,0.125000
2025-02,2,2,8,0.250000
2025-02,3,1,8,0.125000
2025-02,4,1,8,0.125000
2025-03,0,4,4,1.000000
2025-03,1,1,4,0.250000
2025-03,2,1,4,0.250000
2025-03,3,1,4,0.250000
2025-04,0,8,8,1.000000
2025-04,1,4,8,0.500000
2025-04,2,1,8,0.125000
2025-05,0,2,2,1.000000
2025-05,1,1,2,0.500000
2025-06,0,2,2,1.000000
