customer_id,last_order,frequency,monetary,recency_days,segment
1,2025-03-16,6,493.030000,105,Developing
2,2024-06-17,1,262.100000,377,At risk
3,2024-10-12,2,156.970000,260,At risk
4,2025-04-23,7,593.610000,67,Developing
5,2024-04-11,2,187.330000,444,At risk
6,2024-04-15,3,447.590000,440,At risk
7,2025-05-12,4,205.060000,48,Developing
8,2025-05-18,8,566.080000,42,Champions
9,2025-02-11,10,882.210000,138,At risk
10,2025-06-17,3,200.240000,12,Developing
11,2024-05-09,4,142.940000,416,At risk
12,2024-09-08,4,207.480000,294,At risk
13,2025-02-26,9,891.020000,123,At risk
14,2025-04-11,5,613.680000,79,Developing
15,2025-02-13,9,724.110000,136,At risk
16,2025-04-26,17,1722.940000,64,Developing
17,2025-06-07,8,588.930000,22,Champions
18,2025-05-17,7,412.010000,43,Developing
19,2025-06-26,4,139.090000,3,Developing
20,2024-11-15,4,352.550000,226,At risk
21,2025-05-13,6,419.120000,47,Developing
22,2024-08-24,2,172.530000,309,At risk
23,2025-06-20,6,743.690000,9,Developing
24,2025-05-24,9,886.270000,36,Champions
25,2025-06-23,9,1085.390000,6,Champions
26,2024-11-25,3,185.930000,216,At risk
27,2024-06-19,3,141.910000,375,At risk
28,2025-05-19,7,655.090000,41,Developing
29,2024-11-20,2,243.170000,221,At risk
30,2025-01-20,6,640.600000,160,At risk
31,2025-06-22,6,736.300000,7,Developing
32,2025-03-25,10,1198.040000,96,Developing
33,2025-03-17,7,547.030000,104,Developing
34,2025-06-15,14,1296.110000,14,Champions
36,2024-02-26,1,25.240000,489,At risk
37,2025-03-10,3,315.190000,111,Developing
38,2025-06-27,4,649.350000,2,Developing
39,2025-06-17,8,721.060000,12,Champions
41,2025-06-14,13,1531.720000,15,Champions
42,2025-01-12,6,651.350000,168,At risk
43,2024-12-02,3,246.220000,209,At risk
44,2025-05-17,4,282.960000,43,Developing
45,2025-03-11,2,89.420000,110,Developing
46,2025-05-08,4,288.560000,52,Developing
47,2025-06-24,11,1019.610000,5,Champions
48,2025-06-12,14,2452.770000,17,Champions
49,2025-05-28,7,505.430000,32,Developing
50,2025-02-14,6,447.640000,135,At risk
51,2025-05-09,12,1006.460000,51,Champions
52,2025-03-27,5,250.340000,94,Developing
53,2025-05-10,5,239.170000,50,Developing
54,2025-03-21,5,307.010000,100,Developing
55,2025-05-10,8,644.940000,50,Champions
56,2025-02-21,11,919.340000,128,At risk
57,2025-04-28,9,882.260000,62,Developing
58,2025-04-17,8,953.770000,73,Developing
59,2025-02-24,5,403.490000,125,At risk
60,2025-05-19,4,554.580000,41,Developing
61,2024-07-26,2,119.170000,338,At risk
62,2025-03-20,7,739.130000,101,Developing
63,2025-05-02,2,387.780000,58,Developing
64,2025-04-27,4,562.010000,63,Developing
65,2025-04-24,12,1236.680000,66,Developing
66,2025-06-22,10,840.230000,7,Champions
67,2025-01-18,4,160.600000,162,At risk
68,2025-06-10,10,551.250000,19,Champions
69,2025-06-26,10,1033.760000,3,Champions
70,2025-01-09,3,520.930000,171,At risk
71,2025-06-11,4,199.790000,18,Developing
72,2024-07-13,3,312.840000,351,At risk
73,2025-05-16,5,394.100000,44,Developing
74,2024-04-13,1,0.000000,442,At risk
75,2024-06-26,1,15.660000,368,At risk
76,2024-04-17,3,97.530000,438,At risk
77,2025-06-17,14,865.670000,12,Champions
78,2025-06-09,4,160.860000,20,Developing
79,2024-03-02,1,131.890000,484,At risk
80,2025-03-19,2,376.220000,102,Developing
81,2025-06-01,3,332.040000,28,Developing
82,2024-05-19,1,21.980000,406,At risk
83,2025-05-28,6,809.940000,32,Developing
84,2025-03-18,7,493.750000,103,Developing
85,2025-04-24,4,309.780000,66,Developing
86,2025-05-05,3,142.150000,55,Developing
87,2025-06-08,7,436.440000,21,Developing
88,2025-04-28,9,776.450000,62,Developing
89,2025-04-28,6,238.660000,62,Developing
90,2025-06-06,4,332.110000,23,Developing
91,2025-06-23,4,142.640000,6,Developing
92,2025-02-22,4,1004.700000,127,At risk
93,2025-04-02,6,528.220000,88,Developing
94,2025-04-05,2,30.730000,85,Developing
95,2025-01-04,2,273.850000,176,At risk
96,2025-03-01,10,636.210000,120,Developing
97,2024-09-12,4,271.520000,290,At risk
98,2025-04-25,3,449.080000,65,Developing
99,2025-04-25,4,410.440000,65,Developing
100,2024-10-27,2,90.520000,245,At risk
101,2025-06-24,4,252.600000,5,Developing
102,2025-05-13,11,1550.680000,47,Champions
103,2025-05-03,14,1506.750000,57,Champions
104,2025-01-14,5,311.440000,166,At risk
105,2025-06-09,13,1054.090000,20,Champions
106,2025-05-23,7,470.840000,37,Developing
107,2025-06-27,9,488.130000,2,Champions
108,2025-02-05,9,327.320000,144,At risk
109,2025-06-22,3,272.210000,7,Developing
110,2025-06-13,7,504.260000,16,Developing
111,2025-06-27,6,210.340000,2,Developing
112,2025-04-16,4,136.400000,74,Developing
113,2025-05-01,14,1405.600000,59,Champions
114,2024-10-27,7,988.620000,245,At risk
115,2025-06-25,6,844.400000,4,Developing
116,2024-05-21,1,65.370000,404,At risk
117,2025-06-23,11,1439.760000,6,Champions
118,2025-01-13,5,225.180000,167,At risk
119,2025-06-25,5,570.260000,4,Developing
120,2025-05-18,6,395.750000,42,Developing
121,2025-06-22,5,855.850000,7,Developing
122,2025-05-16,7,872.490000,44,Developing
123,2025-05-11,7,719.630000,49,Developing
124,2024-05-11,1,76.570000,414,At risk
125,2025-06-08,5,584.650000,21,Developing
126,2024-10-18,2,182.990000,254,At risk
127,2025-06-27,11,933.640000,2,Champions
128,2025-01-18,4,474.960000,162,At risk
129,2025-04-19,5,601.280000,71,Developing
130,2025-05-18,10,846.840000,42,Champions
132,2025-05-21,8,868.590000,39,Champions
133,2025-03-22,4,468.540000,99,Developing
134,2025-05-18,15,1239.060000,42,Champions
135,2024-09-12,2,39.900000,290,At risk
136,2024-10-25,5,471.210000,247,At risk
137,2025-03-17,6,565.490000,104,Developing
138,2024-07-25,3,162.000000,339,At risk
139,2025-05-23,3,730.750000,37,Developing
140,2025-06-24,17,1212.260000,5,Champions
141,2025-05-05,14,1169.560000,55,Champions
142,2025-02-17,6,397.620000,132,At risk
143,2024-12-16,3,149.330000,195,At risk
144,2025-05-01,4,475.820000,59,Developing
145,2025-05-05,5,586.770000,55,Developing
146,2025-06-18,7,527.260000,11,Developing
147,2025-06-27,8,575.660000,2,Champions
148,2025-04-02,8,921.600000,88,Developing
149,2025-06-22,3,209.680000,7,Developing
150,2024-10-21,2,122.300000,251,At risk
151,2025-06-20,9,948.290000,9,Champions
152,2025-06-23,6,173.370000,6,Developing
153,2025-03-26,6,699.600000,95,Developing
154,2025-05-19,7,694.900000,41,Developing
155,2025-06-23,12,1180.920000,6,Champions
156,2025-03-06,2,401.340000,115,Developing
157,2025-06-26,3,117.080000,3,Developing
158,2024-06-25,1,150.010000,369,At risk
159,2025-06-06,13,1349.230000,23,Champions
160,2025-04-04,8,958.390000,86,Developing
161,2025-04-17,7,665.800000,73,Developing
162,2025-05-24,5,386.440000,36,Developing
163,2025-04-07,9,902.520000,83,Developing
164,2024-05-09,1,63.410000,416,At risk
165,2025-06-01,9,1071.360000,28,Champions
166,2025-05-03,12,1196.960000,57,Champions
167,2025-04-17,7,666.970000,73,Developing
168,2025-01-22,6,739.720000,158,At risk
169,2024-12-25,4,896.150000,186,At risk
170,2025-03-26,5,602.370000,95,Developing
171,2025-06-13,10,791.120000,16,Champions
172,2025-01-22,12,1078.670000,158,At risk
173,2025-05-28,7,555.260000,32,Developing
174,2025-02-27,4,440.000000,122,At risk
175,2025-02-14,7,869.500000,135,At risk
176,2025-06-13,9,883.660000,16,Champions
177,2024-11-10,3,273.040000,231,At risk
178,2025-05-10,9,762.290000,50,Champions
179,2024-08-24,1,90.600000,309,At risk
180,2025-02-20,8,1030.360000,129,At risk
181,2025-01-21,3,285.100000,159,At risk
182,2025-05-21,6,742.260000,39,Developing
183,2025-04-25,4,332.890000,65,Developing
184,2024-02-18,1,97.410000,497,At risk
185,2025-05-04,11,1062.260000,56,Champions
186,2025-05-11,4,298.220000,49,Developing
187,2024-10-03,2,115.580000,269,At risk
188,2025-06-14,8,807.820000,15,Champions
189,2025-05-14,7,571.500000,46,Developing
190,2025-02-02,3,198.220000,147,At risk
191,2025-03-26,10,988.850000,95,Developing
192,2025-05-21,9,1172.360000,39,Champions
193,2025-06-15,3,91.190000,14,Developing
194,2025-05-25,6,500.600000,35,Developing
195,2025-02-11,5,399.060000,138,At risk
196,2025-02-27,3,306.450000,122,At risk
197,2024-10-25,4,344.610000,247,At risk
198,2025-04-25,8,561.920000,65,Developing
199,2025-04-08,16,1749.770000,82,Developing
200,2025-05-22,7,342.900000,38,Developing
201,2024-08-03,1,231.490000,330,At risk
202,2025-06-06,15,1648.050000,23,Champions
203,2024-09-02,3,259.570000,300,At risk
204,2025-04-24,3,162.460000,66,Developing
205,2025-06-10,3,205.740000,19,Developing
206,2025-04-18,10,679.230000,72,Developing
207,2025-06-27,13,1284.830000,2,Champions
208,2025-01-25,3,406.450000,155,At risk
209,2025-06-18,5,209.160000,11,Developing
210,2025-04-26,6,532.200000,64,Developing
211,2024-07-18,2,339.420000,346,At risk
212,2024-03-08,2,210.680000,478,At risk
213,2025-05-04,12,1260.330000,56,Champions
214,2024-12-15,2,78.400000,196,At risk
215,2025-05-24,6,605.200000,36,Developing
216,2024-03-24,1,82.030000,462,At risk
217,2025-02-03,3,198.170000,146,At risk
218,2024-11-03,3,115.830000,238,At risk
219,2025-03-16,7,650.850000,105,Developing
220,2024-02-15,1,51.230000,500,At risk
221,2024-05-16,1,197.460000,409,At risk
222,2025-03-08,9,669.830000,113,Developing
223,2024-12-17,8,768.960000,194,At risk
224,2025-02-28,6,989.150000,121,At risk
225,2025-06-22,8,659.760000,7,Champions
226,2025-06-26,10,1110.660000,3,Champions
227,2024-12-04,6,585.800000,207,At risk
228,2025-06-02,3,398.290000,27,Developing
229,2025-02-28,5,438.610000,121,At risk
230,2025-05-23,7,763.050000,37,Developing
231,2024-08-08,6,654.620000,325,At risk
232,2025-01-09,10,1269.730000,171,At risk
233,2025-06-16,5,636.770000,13,Developing
234,2025-05-10,3,682.500000,50,Developing
235,2025-06-15,12,746.760000,14,Champions
236,2025-05-01,3,108.670000,59,Developing
237,2024-05-09,1,151.680000,416,At risk
238,2025-06-07,16,1650.710000,22,Champions
239,2025-03-13,4,375.030000,108,Developing
240,2025-06-25,19,2145.670000,4,Champions
241,2025-04-23,6,767.580000,67,Developing
242,2025-05-06,11,1283.020000,54,Champions
243,2025-06-03,8,756.360000,26,Champions
244,2025-04-24,7,655.010000,66,Developing
245,2024-11-17,7,540.970000,224,At risk
246,2025-04-14,8,1159.780000,76,Developing
247,2024-12-04,7,495.380000,207,At risk
248,2024-12-02,2,111.990000,209,At risk
249,2025-05-21,5,592.470000,39,Developing
250,2025-06-28,18,1793.960000,1,Champions
251,2025-06-15,6,552.050000,14,Developing
252,2025-06-24,16,1351.630000,5,Champions
253,2025-02-19,6,321.720000,130,At risk
254,2025-03-15,4,184.250000,106,Developing
255,2025-03-28,4,143.640000,93,Developing
256,2025-02-07,10,792.610000,142,At risk
257,2025-06-04,8,927.170000,25,Champions
258,2025-06-28,2,92.990000,1,Developing
259,2024-07-10,4,262.200000,354,At risk
260,2025-06-03,3,163.070000,26,Developing
261,2025-04-03,10,826.850000,87,Developing
262,2025-04-03,7,752.000000,87,Developing
263,2025-06-28,10,1097.880000,1,Champions
264,2025-06-05,9,664.220000,24,Champions
265,2024-11-27,2,159.410000,214,At risk
266,2025-03-28,8,635.940000,93,Developing
267,2025-05-08,5,317.020000,52,Developing
268,2025-03-04,6,462.340000,117,Developing
269,2024-03-12,2,223.450000,474,At risk
270,2025-06-02,4,253.840000,27,Developing
271,2025-01-11,4,181.260000,169,At risk
272,2025-06-20,6,277.970000,9,Developing
273,2025-05-06,4,436.280000,54,Developing
274,2024-10-23,4,348.310000,249,At risk
275,2025-02-10,6,903.640000,139,At risk
276,2025-06-16,8,774.630000,13,Champions
277,2025-06-25,10,871.190000,4,Champions
278,2025-06-24,10,856.030000,5,Champions
279,2025-05-26,7,485.010000,34,Developing
280,2024-08-14,5,587.070000,319,At risk
281,2024-07-14,6,415.620000,350,At risk
282,2025-06-17,2,132.500000,12,Developing
283,2025-04-08,4,375.420000,82,Developing
284,2025-05-24,5,381.500000,36,Developing
285,2025-02-11,6,520.590000,138,At risk
286,2025-06-14,9,465.400000,15,Champions
287,2024-12-19,2,162.870000,192,At risk
288,2025-06-01,2,230.810000,28,Developing
289,2025-06-08,10,947.650000,21,Champions
290,2024-11-26,8,1414.160000,215,At risk
291,2025-04-07,15,1205.670000,83,Developing
292,2025-01-11,6,288.900000,169,At risk
293,2025-06-01,11,766.110000,28,Champions
294,2025-06-15,6,190.460000,14,Developing
295,2025-01-28,6,614.210000,152,At risk
296,2025-06-08,6,531.260000,21,Developing
297,2025-05-19,7,396.650000,41,Developing
298,2025-04-16,7,597.220000,74,Developing
299,2025-05-26,13,1157.680000,34,Champions
300,2025-05-28,14,1227.870000,32,Champions
301,2025-03-19,3,374.540000,102,Developing
302,2024-11-27,3,284.270000,214,At risk
303,2025-04-23,13,1350.780000,67,Developing
304,2025-04-13,11,695.300000,77,Developing
305,2025-06-23,11,935.920000,6,Champions
306,2025-05-10,10,1126.790000,50,Champions
307,2025-05-06,12,747.910000,54,Champions
308,2025-06-28,9,633.280000,1,Champions
309,2024-12-23,5,164.540000,188,At risk
310,2024-09-27,3,240.680000,275,At risk
311,2025-06-17,7,438.280000,12,Developing
312,2025-03-23,10,937.310000,98,Developing
313,2025-01-15,4,176.610000,165,At risk
314,2024-11-07,4,80.730000,234,At risk
315,2025-02-06,4,205.230000,143,At risk
316,2025-06-10,6,549.290000,19,Developing
317,2025-04-04,12,1482.580000,86,Developing
318,2024-11-25,2,284.120000,216,At risk
319,2025-05-27,6,559.820000,33,Developing
320,2025-03-27,6,382.680000,94,Developing
321,2025-06-28,12,1058.380000,1,Champions
322,2024-08-24,3,604.840000,309,At risk
323,2025-05-25,11,957.980000,35,Champions
324,2025-06-19,10,903.960000,10,Champions
325,2024-06-25,3,228.130000,369,At risk
326,2024-06-12,1,62.110000,382,At risk
327,2024-09-25,2,95.400000,277,At risk
328,2025-03-13,4,415.660000,108,Developing
329,2024-09-13,1,83.660000,289,At risk
330,2025-03-25,5,407.780000,96,Developing
331,2025-06-11,6,697.850000,18,Developing
332,2025-05-27,9,891.060000,33,Champions
333,2024-05-24,1,76.400000,401,At risk
334,2025-05-03,7,533.370000,57,Developing
335,2025-04-05,11,968.020000,85,Developing
336,2025-05-09,6,303.880000,51,Developing
337,2024-11-11,9,724.820000,230,At risk
338,2024-09-01,5,483.990000,301,At risk
339,2024-03-04,1,0.000000,482,At risk
340,2025-05-08,4,208.340000,52,Developing
341,2025-06-28,7,524.590000,1,Developing
342,2024-10-24,3,405.900000,248,At risk
343,2025-06-18,5,723.600000,11,Developing
344,2025-04-07,2,142.560000,83,Developing
345,2025-04-25,13,1708.890000,65,Developing
346,2024-10-08,1,0.000000,264,At risk
347,2024-06-17,5,318.200000,377,At risk
348,2025-05-07,12,871.280000,53,Champions
349,2025-05-25,13,1350.520000,35,Champions
350,2025-01-11,4,288.120000,169,At risk
351,2025-06-14,2,468.390000,15,Developing
352,2025-06-14,9,698.000000,15,Champions
353,2025-06-25,8,937.100000,4,Champions
354,2025-04-15,3,493.060000,75,Developing
355,2025-01-24,9,634.830000,156,At risk
356,2024-10-20,2,227.950000,252,At risk
357,2024-07-28,6,499.830000,336,At risk
358,2025-06-13,10,1036.310000,16,Champions
359,2025-03-14,2,79.170000,107,Developing
360,2025-01-22,5,727.210000,158,At risk
361,2024-08-08,1,172.120000,325,At risk
362,2025-05-14,2,163.630000,46,Developing
363,2025-06-25,14,553.750000,4,Champions
364,2025-05-26,12,1959.200000,34,Champions
365,2025-03-15,7,606.600000,106,Developing
366,2024-08-21,2,129.550000,312,At risk
367,2025-02-26,11,1089.610000,123,At risk
368,2025-05-20,8,706.580000,40,Champions
369,2024-11-07,3,184.140000,234,At risk
370,2024-05-26,2,72.880000,399,At risk
371,2025-01-20,10,795.300000,160,At risk
372,2025-02-25,7,629.280000,124,At risk
373,2025-03-26,7,779.570000,95,Developing
374,2025-06-22,9,803.940000,7,Champions
375,2025-05-02,6,561.640000,58,Developing
376,2025-05-12,9,868.420000,48,Champions
377,2025-05-24,9,793.470000,36,Champions
378,2024-04-25,2,99.380000,430,At risk
379,2025-02-12,1,101.040000,137,At risk
380,2025-05-25,5,121.000000,35,Developing
381,2025-01-20,3,144.220000,160,At risk
382,2025-03-10,4,149.010000,111,Developing
383,2025-06-15,18,1075.480000,14,Champions
384,2025-05-24,3,279.880000,36,Developing
385,2024-08-06,1,28.190000,327,At risk
386,2025-06-17,4,286.830000,12,Developing
387,2024-09-14,1,76.160000,288,At risk
388,2024-11-18,7,785.360000,223,At risk
389,2025-06-08,7,706.130000,21,Developing
390,2025-02-19,3,89.440000,130,At risk
391,2024-07-12,1,0.000000,352,At risk
392,2025-05-15,6,449.740000,45,Developing
393,2025-06-05,6,261.590000,24,Developing
394,2025-03-09,4,365.200000,112,Developing
395,2025-04-18,15,1617.520000,72,Developing
396,2025-03-19,2,355.520000,102,Developing
397,2025-01-02,3,366.280000,178,At risk
398,2025-03-28,10,852.600000,93,Developing
399,2025-06-01,14,869.850000,28,Champions
400,2025-04-11,5,187.080000,79,Developing
401,2025-04-18,6,404.790000,72,Developing
402,2025-05-08,8,592.880000,52,Champions
403,2024-12-28,6,563.580000,183,At risk
404,2024-12-19,6,625.320000,192,At risk
405,2025-03-26,5,379.580000,95,Developing
406,2025-02-26,8,791.770000,123,At risk
407,2025-03-26,14,1615.580000,95,Developing
408,2024-11-26,3,438.480000,215,At risk
409,2024-11-26,3,205.140000,215,At risk
410,2024-04-22,8,498.230000,433,At risk
412,2025-03-05,5,763.800000,116,Developing
413,2025-06-16,14,1542.590000,13,Champions
414,2024-07-20,2,123.360000,344,At risk
415,2025-04-14,3,100.740000,76,Developing
416,2025-04-24,10,1181.190000,66,Developing
417,2025-06-27,5,677.800000,2,Developing
418,2025-03-20,4,87.330000,101,Developing
419,2025-04-10,5,369.080000,80,Developing
420,2025-05-27,6,521.530000,33,Developing
421,2025-05-05,2,236.010000,55,Developing
422,2024-05-09,2,186.620000,416,At risk
423,2025-06-08,9,1052.080000,21,Champions
424,2024-11-26,3,312.870000,215,At risk
425,2025-05-17,7,512.110000,43,Developing
426,2025-03-12,6,499.980000,109,Developing
427,2025-02-19,10,456.320000,130,At risk
428,2025-01-05,7,367.690000,175,At risk
429,2024-03-07,1,45.050000,479,At risk
430,2025-06-15,8,698.750000,14,Champions
431,2025-02-07,2,287.390000,142,At risk
432,2025-06-09,14,1554.720000,20,Champions
433,2024-12-10,5,321.870000,201,At risk
434,2025-05-20,8,1227.990000,40,Champions
435,2025-05-05,8,651.250000,55,Champions
436,2025-01-20,9,1004.970000,160,At risk
437,2025-06-08,9,660.940000,21,Champions
438,2024-12-28,4,166.800000,183,At risk
439,2025-05-10,5,494.930000,50,Developing
440,2025-04-20,5,453.020000,70,Developing
441,2025-06-26,10,589.960000,3,Champions
442,2025-05-25,15,1280.240000,35,Champions
443,2025-04-24,9,635.560000,66,Developing
444,2025-05-13,11,1261.080000,47,Champions
445,2025-05-10,6,177.440000,50,Developing
447,2024-12-06,9,799.540000,205,At risk
448,2025-04-12,8,809.820000,78,Developing
449,2025-05-24,8,917.600000,36,Champions
450,2025-05-24,13,1312.900000,36,Champions
451,2025-01-27,4,208.380000,153,At risk
452,2025-06-08,10,866.330000,21,Champions
453,2025-01-06,2,210.500000,174,At risk
454,2025-06-10,7,513.930000,19,Developing
455,2025-02-02,7,420.470000,147,At risk
456,2025-06-26,9,851.060000,3,Champions
457,2025-04-19,11,1065.580000,71,Developing
458,2025-05-24,4,183.740000,36,Developing
459,2024-09-15,1,0.000000,287,At risk
460,2025-05-17,6,776.230000,43,Developing
461,2025-02-18,3,148.600000,131,At risk
462,2025-05-03,6,364.530000,57,Developing
463,2025-06-01,11,1231.120000,28,Champions
464,2025-03-21,7,536.760000,100,Developing
465,2025-04-19,7,521.750000,71,Developing
466,2024-09-20,7,920.430000,282,At risk
467,2025-02-28,9,1154.420000,121,At risk
468,2024-09-16,5,407.710000,286,At risk
469,2024-04-04,1,0.000000,451,At risk
470,2024-06-07,4,136.360000,387,At risk
471,2025-04-28,4,540.400000,62,Developing
472,2025-02-16,4,681.610000,133,At risk
473,2024-06-03,1,67.090000,391,At risk
474,2025-06-06,7,808.670000,23,Developing
475,2025-03-07,11,1391.600000,114,Developing
476,2024-12-25,4,212.240000,186,At risk
477,2025-06-26,6,750.100000,3,Developing
479,2025-05-27,5,606.230000,33,Developing
480,2025-05-28,12,837.110000,32,Champions
481,2025-05-24,6,763.760000,36,Developing
482,2025-05-23,7,309.290000,37,Developing
483,2025-06-13,5,423.790000,16,Developing
484,2025-02-22,7,540.310000,127,At risk
485,2025-02-19,2,206.470000,130,At risk
486,2024-10-27,2,112.760000,245,At risk
487,2024-11-23,4,174.390000,218,At risk
488,2025-06-19,17,1480.870000,10,Champions
489,2024-08-25,6,371.620000,308,At risk
491,2024-10-18,1,28.210000,254,At risk
492,2025-06-12,2,193.440000,17,Developing
493,2025-04-02,8,504.330000,88,Developing
494,2025-02-14,2,114.430000,135,At risk
495,2025-02-25,5,396.530000,124,At risk
496,2025-05-02,2,217.970000,58,Developing
497,2025-05-25,4,333.260000,35,Developing
498,2025-03-05,2,641.040000,116,Developing
499,2025-05-28,11,746.570000,32,Champions
500,2025-02-28,2,67.410000,121,At risk
501,2025-06-23,7,895.060000,6,Developing
502,2025-03-18,5,512.570000,103,Developing
503,2025-04-16,9,877.820000,74,Developing
504,2025-03-03,8,888.740000,118,Developing
505,2024-12-25,6,395.210000,186,At risk
506,2025-06-21,9,561.760000,8,Champions
507,2025-02-24,4,213.320000,125,At risk
508,2024-09-21,4,532.190000,281,At risk
509,2025-05-09,8,1007.290000,51,Champions
510,2024-10-19,3,118.010000,253,At risk
511,2025-05-12,6,284.720000,48,Developing
512,2025-03-16,10,804.290000,105,Developing
513,2025-04-27,8,703.990000,63,Developing
514,2025-06-27,6,414.410000,2,Developing
515,2025-05-01,7,515.360000,59,Developing
516,2025-06-19,5,437.110000,10,Developing
517,2025-05-14,7,538.910000,46,Developing
518,2025-02-24,8,697.710000,125,At risk
519,2025-05-26,5,418.770000,34,Developing
520,2025-03-27,12,1312.350000,94,Developing
521,2024-12-05,6,955.760000,206,At risk
522,2025-06-28,3,201.410000,1,Developing
523,2024-12-24,5,424.320000,187,At risk
524,2025-01-01,2,323.320000,179,At risk
525,2025-04-25,12,1342.130000,65,Developing
526,2025-03-20,6,391.730000,101,Developing
527,2025-06-22,4,548.180000,7,Developing
528,2025-05-03,4,288.710000,57,Developing
529,2025-06-18,10,1142.040000,11,Champions
530,2024-12-03,2,133.700000,208,At risk
531,2025-06-04,12,1754.240000,25,Champions
532,2025-02-20,4,647.460000,129,At risk
533,2025-05-20,7,502.820000,40,Developing
534,2025-02-06,5,696.140000,143,At risk
535,2025-05-14,4,309.920000,46,Developing
536,2025-05-16,7,490.230000,44,Developing
537,2024-10-28,2,113.300000,244,At risk
538,2025-04-25,7,1049.170000,65,Developing
539,2024-05-05,4,449.100000,420,At risk
540,2024-03-25,2,71.330000,461,At risk
541,2025-06-26,10,921.570000,3,Champions
542,2025-06-16,15,1459.170000,13,Champions
543,2025-06-19,5,437.200000,10,Developing
544,2025-03-28,8,1136.250000,93,Developing
545,2025-04-26,8,374.550000,64,Developing
546,2025-02-12,2,144.510000,137,At risk
547,2025-05-06,5,213.410000,54,Developing
548,2025-04-05,4,190.410000,85,Developing
549,2025-06-01,9,470.440000,28,Champions
550,2025-06-15,13,1291.090000,14,Champions
551,2025-06-22,11,989.570000,7,Champions
552,2025-02-01,2,202.960000,148,At risk
553,2025-06-27,7,294.050000,2,Developing
554,2025-04-27,7,764.610000,63,Developing
555,2025-05-05,9,857.680000,55,Champions
556,2025-03-28,6,757.930000,93,Developing
557,2025-02-28,7,537.930000,121,At risk
558,2025-06-15,13,1286.890000,14,Champions
559,2024-09-25,2,158.500000,277,At risk
560,2025-05-20,9,866.220000,40,Champions
561,2024-08-10,3,314.800000,323,At risk
562,2025-02-07,10,671.170000,142,At risk
563,2024-08-25,3,265.420000,308,At risk
564,2025-06-09,10,1126.220000,20,Champions
565,2025-03-26,3,185.210000,95,Developing
566,2025-05-11,10,969.130000,49,Champions
567,2025-03-21,2,410.950000,100,Developing
568,2025-05-14,3,266.480000,46,Developing
569,2025-06-08,18,1428.550000,21,Champions
570,2025-04-22,4,534.170000,68,Developing
571,2025-03-09,4,498.430000,112,Developing
572,2025-02-14,3,369.560000,135,At risk
573,2025-01-26,11,1085.270000,154,At risk
574,2025-06-15,15,1509.920000,14,Champions
575,2024-02-12,1,123.050000,503,At risk
576,2025-01-21,9,1124.770000,159,At risk
577,2024-12-28,2,97.620000,183,At risk
578,2024-10-28,2,121.310000,244,At risk
579,2025-06-27,6,646.070000,2,Developing
581,2025-03-14,10,1143.480000,107,Developing
582,2025-04-13,10,1117.450000,77,Developing
583,2025-06-01,13,989.470000,28,Champions
584,2025-03-26,9,658.330000,95,Developing
585,2025-04-21,7,1041.210000,69,Developing
586,2025-02-05,4,891.100000,144,At risk
587,2025-05-19,7,417.250000,41,Developing
588,2025-05-24,4,466.310000,36,Developing
589,2025-02-14,7,672.220000,135,At risk
590,2025-01-25,4,107.470000,155,At risk
591,2024-10-16,4,452.430000,256,At risk
592,2025-06-01,7,875.480000,28,Developing
593,2025-06-18,8,821.340000,11,Champions
594,2025-05-18,7,701.130000,42,Developing
595,2024-09-22,4,240.650000,280,At risk
596,2024-10-22,3,412.610000,250,At risk
597,2025-05-05,8,1057.890000,55,Champions
598,2025-04-11,5,433.550000,79,Developing
599,2024-10-23,1,0.000000,249,At risk
601,2025-04-07,4,221.120000,83,Developing
602,2025-06-23,14,1618.290000,6,Champions
603,2025-04-05,12,1475.590000,85,Developing
604,2025-05-17,11,1311.640000,43,Champions
605,2025-06-26,15,1205.240000,3,Champions
606,2024-08-13,3,150.280000,320,At risk
608,2025-01-07,4,444.240000,173,At risk
609,2025-05-26,8,1024.720000,34,Champions
610,2025-03-15,8,592.800000,106,Developing
611,2024-06-12,1,102.930000,382,At risk
612,2025-06-09,8,572.640000,20,Champions
613,2025-06-12,5,203.560000,17,Developing
614,2025-04-26,6,490.000000,64,Developing
615,2025-06-05,7,529.940000,24,Developing
616,2025-01-28,2,385.230000,152,At risk
617,2025-06-17,11,1007.200000,12,Champions
618,2025-02-14,7,844.800000,135,At risk
619,2025-04-11,8,959.370000,79,Developing
620,2025-01-11,2,161.320000,169,At risk
621,2025-05-28,5,527.410000,32,Developing
622,2025-04-24,3,320.970000,66,Developing
623,2025-03-04,3,252.450000,117,Developing
624,2025-04-18,13,1451.980000,72,Developing
625,2025-06-09,8,535.960000,20,Champions
626,2024-12-12,3,108.400000,199,At risk
627,2024-11-18,8,782.330000,223,At risk
628,2025-06-20,7,747.070000,9,Developing
629,2025-01-03,4,406.850000,177,At risk
630,2025-04-16,14,1416.350000,74,Developing
631,2025-03-05,6,712.670000,116,Developing
632,2025-03-05,4,216.120000,116,Developing
633,2025-05-01,10,765.370000,59,Champions
634,2025-01-25,6,671.370000,155,At risk
635,2024-06-13,3,149.840000,381,At risk
636,2025-03-21,3,265.530000,100,Developing
637,2025-05-24,7,541.960000,36,Developing
638,2024-08-03,1,0.000000,330,At risk
639,2025-06-03,11,1141.520000,26,Champions
640,2025-05-28,4,300.640000,32,Developing
641,2025-03-05,6,672.560000,116,Developing
642,2025-06-10,11,1093.210000,19,Champions
643,2025-04-15,13,1096.990000,75,Developing
644,2025-02-08,13,1233.340000,141,At risk
645,2025-05-07,11,709.060000,53,Champions
646,2025-06-13,17,1436.250000,16,Champions
647,2025-05-20,4,284.460000,40,Developing
648,2025-02-16,3,427.390000,133,At risk
649,2025-02-08,6,899.550000,141,At risk
650,2024-11-18,7,599.530000,223,At risk
651,2025-05-05,2,187.700000,55,Developing
652,2025-06-10,3,215.130000,19,Developing
653,2024-11-09,4,329.080000,232,At risk
654,2024-10-21,3,472.230000,251,At risk
655,2025-02-14,9,918.340000,135,At risk
656,2025-03-21,10,1542.460000,100,Developing
657,2025-03-19,4,266.410000,102,Developing
658,2025-06-21,8,522.810000,8,Champions
659,2025-06-03,17,1883.200000,26,Champions
660,2025-03-21,5,273.300000,100,Developing
661,2024-12-20,4,510.600000,191,At risk
662,2024-12-21,9,642.680000,190,At risk
663,2025-06-24,12,1164.280000,5,Champions
664,2025-05-17,9,1238.120000,43,Champions
665,2025-06-12,15,1333.420000,17,Champions
666,2025-02-01,8,656.240000,148,At risk
667,2025-04-22,8,546.030000,68,Developing
668,2024-09-02,1,265.170000,300,At risk
669,2025-06-22,9,947.410000,7,Champions
670,2025-04-15,11,1299.480000,75,Developing
671,2024-07-22,1,213.770000,342,At risk
672,2025-05-20,7,1111.920000,40,Developing
673,2025-01-28,5,528.700000,152,At risk
674,2025-06-10,10,820.740000,19,Champions
675,2025-04-11,12,1349.000000,79,Developing
676,2025-05-03,4,337.470000,57,Developing
677,2025-04-12,2,264.810000,78,Developing
678,2025-04-14,1,0.000000,76,Developing
679,2024-12-26,5,398.860000,185,At risk
680,2025-04-26,9,575.480000,64,Developing
681,2024-12-09,4,166.640000,202,At risk
682,2025-05-12,9,880.370000,48,Champions
683,2024-08-13,4,782.140000,320,At risk
684,2025-06-13,16,1253.070000,16,Champions
685,2025-06-07,13,1109.310000,22,Champions
686,2025-04-14,13,1469.110000,76,Developing
687,2025-01-22,8,555.070000,158,At risk
688,2025-06-20,10,1059.060000,9,Champions
689,2024-04-09,1,128.550000,446,At risk
690,2025-06-23,12,1418.140000,6,Champions
691,2025-06-28,8,977.220000,1,Champions
692,2025-04-24,6,804.520000,66,Developing
693,2025-05-23,8,544.490000,37,Champions
694,2024-06-06,1,0.000000,388,At risk
695,2025-02-27,2,171.040000,122,At risk
696,2025-05-27,11,774.360000,33,Champions
697,2025-06-26,14,1187.540000,3,Champions
698,2025-06-09,9,853.500000,20,Champions
699,2025-03-23,11,707.470000,98,Developing
700,2025-05-15,5,255.300000,45,Developing
701,2025-03-03,14,1321.260000,118,Developing
702,2025-05-28,5,710.320000,32,Developing
703,2025-06-11,6,732.530000,18,Developing
704,2024-06-24,3,228.180000,370,At risk
705,2025-04-11,2,234.180000,79,Developing
706,2025-03-05,6,625.450000,116,Developing
707,2025-04-07,6,333.150000,83,Developing
708,2024-12-24,4,866.010000,187,At risk
709,2025-06-22,13,1321.620000,7,Champions
710,2024-10-18,3,169.330000,254,At risk
711,2024-10-18,5,225.910000,254,At risk
712,2025-04-07,6,409.930000,83,Developing
713,2025-04-18,3,347.810000,72,Developing
714,2024-08-20,2,199.850000,313,At risk
715,2025-05-12,3,373.060000,48,Developing
716,2025-06-12,14,859.830000,17,Champions
717,2025-05-02,6,569.110000,58,Developing
718,2025-01-25,3,165.160000,155,At risk
719,2025-06-26,4,525.790000,3,Developing
720,2025-05-25,8,1084.830000,35,Champions
721,2025-03-16,5,789.940000,105,Developing
722,2025-06-04,3,316.170000,25,Developing
723,2024-05-26,1,437.630000,399,At risk
724,2025-03-23,8,1117.860000,98,Developing
725,2024-11-14,3,168.850000,227,At risk
726,2025-06-26,8,746.580000,3,Champions
727,2024-12-19,2,159.410000,192,At risk
728,2024-10-24,1,63.620000,248,At risk
729,2025-04-18,3,371.370000,72,Developing
730,2025-06-28,15,1221.390000,1,Champions
731,2025-05-27,9,416.780000,33,Champions
732,2025-01-05,6,556.490000,175,At risk
733,2025-01-23,3,254.970000,157,At risk
734,2024-02-23,2,336.090000,492,At risk
735,2025-05-07,9,839.380000,53,Champions
736,2025-03-10,4,393.510000,111,Developing
737,2025-04-28,7,649.530000,62,Developing
738,2025-04-08,5,253.680000,82,Developing
739,2025-03-18,12,1280.040000,103,Developing
740,2025-01-22,6,382.930000,158,At risk
741,2025-06-11,10,758.370000,18,Champions
742,2024-12-03,3,330.310000,208,At risk
743,2024-10-04,4,184.200000,268,At risk
744,2024-07-03,1,127.490000,361,At risk
745,2025-06-04,7,796.720000,25,Developing
746,2024-06-26,1,49.410000,368,At risk
747,2025-05-13,7,341.610000,47,Developing
748,2024-12-16,4,275.690000,195,At risk
749,2024-09-24,2,160.940000,278,At risk
750,2025-06-03,6,476.390000,26,Developing
751,2025-04-24,1,120.850000,66,Developing
752,2025-05-27,8,534.480000,33,Champions
753,2025-06-17,14,1024.740000,12,Champions
754,2024-07-22,2,280.410000,342,At risk
755,2024-10-07,2,81.370000,265,At risk
756,2025-01-21,8,764.820000,159,At risk
757,2025-02-12,4,215.250000,137,At risk
759,2025-04-28,12,677.580000,62,Developing
760,2024-10-09,5,331.270000,263,At risk
761,2025-02-20,3,58.680000,129,At risk
762,2025-02-06,5,505.990000,143,At risk
763,2025-06-15,6,1145.740000,14,Developing
764,2024-12-16,8,934.870000,195,At risk
765,2024-12-16,5,265.590000,195,At risk
766,2024-08-10,4,284.890000,323,At risk
767,2025-05-21,5,311.460000,39,Developing
768,2025-02-01,5,276.400000,148,At risk
769,2025-03-13,9,746.710000,108,Developing
770,2025-03-08,6,417.100000,113,Developing
771,2025-06-21,12,1032.140000,8,Champions
772,2024-10-26,4,396.920000,246,At risk
773,2025-05-10,10,1432.720000,50,Champions
774,2025-06-22,16,1232.010000,7,Champions
775,2025-05-16,3,299.160000,44,Developing
776,2025-06-15,13,983.090000,14,Champions
777,2024-09-16,5,567.540000,286,At risk
778,2025-04-01,5,355.990000,89,Developing
779,2025-04-11,7,1231.890000,79,Developing
780,2025-06-24,3,147.470000,5,Developing
781,2024-04-23,1,91.660000,432,At risk
782,2025-03-03,7,502.490000,118,Developing
783,2025-01-18,11,1175.000000,162,At risk
784,2025-06-19,12,773.870000,10,Champions
785,2025-04-27,6,473.640000,63,Developing
786,2025-04-06,10,946.480000,84,Developing
787,2025-06-04,9,886.090000,25,Champions
788,2025-05-07,5,254.700000,53,Developing
789,2025-03-21,8,452.060000,100,Developing
790,2024-07-08,1,40.970000,356,At risk
791,2025-06-23,9,865.730000,6,Champions
792,2025-03-15,7,456.760000,106,Developing
793,2025-04-05,6,663.860000,85,Developing
794,2025-04-07,16,1451.160000,83,Developing
795,2024-08-04,4,587.980000,329,At risk
796,2025-03-20,9,856.690000,101,Developing
797,2025-04-20,7,748.040000,70,Developing
798,2025-01-23,2,154.390000,157,At risk
799,2025-05-16,10,804.620000,44,Champions
800,2025-05-21,9,526.660000,39,Champions
801,2025-04-22,4,278.320000,68,Developing
802,2025-04-26,7,396.170000,64,Developing
803,2025-03-18,6,718.670000,103,Developing
804,2025-01-28,7,969.050000,152,At risk
805,2025-03-11,7,711.530000,110,Developing
806,2025-06-22,18,1328.630000,7,Champions
807,2025-06-01,4,401.460000,28,Developing
808,2024-12-14,5,235.730000,197,At risk
809,2025-05-06,10,934.460000,54,Champions
810,2024-07-20,6,589.360000,344,At risk
811,2025-05-15,10,1385.980000,45,Champions
812,2024-12-22,4,304.510000,189,At risk
813,2025-03-23,6,675.110000,98,Developing
814,2025-05-01,9,1173.510000,59,Champions
815,2025-06-21,5,329.960000,8,Developing
816,2025-06-10,10,955.250000,19,Champions
817,2025-06-10,2,57.800000,19,Developing
818,2025-02-12,8,388.330000,137,At risk
819,2025-06-14,6,645.700000,15,Developing
820,2024-05-28,2,187.230000,397,At risk
821,2025-01-13,3,110.950000,167,At risk
822,2025-05-14,11,1309.090000,46,Champions
823,2024-12-24,3,180.590000,187,At risk
824,2025-02-26,8,540.390000,123,At risk
825,2025-03-21,8,753.140000,100,Developing
826,2025-06-23,9,935.100000,6,Champions
827,2025-05-23,13,1485.550000,37,Champions
828,2025-04-13,8,690.500000,77,Developing
829,2025-04-04,8,679.910000,86,Developing
830,2025-04-28,6,301.300000,62,Developing
831,2024-12-12,3,228.390000,199,At risk
832,2024-07-10,2,195.970000,354,At risk
833,2025-04-27,12,1087.870000,63,Developing
834,2025-06-10,4,205.070000,19,Developing
835,2025-06-11,5,262.100000,18,Developing
836,2025-02-21,4,192.020000,128,At risk
837,2025-05-08,4,447.510000,52,Developing
838,2025-02-22,6,487.620000,127,At risk
839,2024-11-14,4,339.270000,227,At risk
840,2024-10-13,4,262.210000,259,At risk
841,2025-06-05,4,260.290000,24,Developing
842,2025-05-19,8,619.230000,41,Champions
843,2025-05-12,3,327.420000,48,Developing
844,2025-02-27,2,122.100000,122,At risk
845,2024-08-22,1,79.390000,311,At risk
846,2025-03-22,7,781.140000,99,Developing
847,2024-05-22,2,227.020000,403,At risk
848,2024-11-16,4,292.800000,225,At risk
849,2024-12-13,8,806.650000,198,At risk
850,2025-02-27,3,651.200000,122,At risk
851,2025-01-12,4,316.100000,168,At risk
852,2024-10-12,4,351.610000,260,At risk
853,2025-04-06,17,1623.620000,84,Developing
854,2025-03-11,5,357.860000,110,Developing
855,2025-06-25,5,315.570000,4,Developing
856,2025-05-05,10,720.490000,55,Champions
857,2025-04-02,4,406.230000,88,Developing
858,2025-05-09,4,549.030000,51,Developing
859,2025-05-24,7,631.290000,36,Developing
860,2025-06-24,7,388.730000,5,Developing
861,2025-04-23,5,325.280000,67,Developing
862,2025-06-25,5,566.990000,4,Developing
863,2025-06-10,8,396.760000,19,Champions
864,2025-06-06,11,1029.120000,23,Champions
865,2025-06-17,8,964.410000,12,Champions
866,2025-06-24,14,1443.980000,5,Champions
867,2025-04-19,3,216.860000,71,Developing
868,2024-09-06,2,107.860000,296,At risk
869,2025-06-09,8,508.000000,20,Champions
870,2025-04-13,5,223.870000,77,Developing
871,2025-04-28,10,831.340000,62,Developing
872,2025-05-28,5,533.190000,32,Developing
873,2024-08-19,8,1066.360000,314,At risk
874,2024-10-18,1,40.700000,254,At risk
875,2024-12-23,4,180.850000,188,At risk
876,2025-04-15,11,916.410000,75,Developing
877,2025-04-23,1,183.140000,67,Developing
878,2025-04-05,10,555.630000,85,Developing
879,2025-01-04,10,671.610000,176,At risk
880,2025-04-02,5,276.000000,88,Developing
881,2025-02-10,5,316.950000,139,At risk
882,2025-06-12,8,511.380000,17,Champions
883,2025-06-13,14,1097.670000,16,Champions
884,2025-05-26,5,234.180000,34,Developing
885,2025-02-26,4,203.300000,123,At risk
886,2025-01-14,4,152.990000,166,At risk
887,2025-06-08,14,1079.830000,21,Champions
888,2025-02-21,4,268.530000,128,At risk
889,2025-04-11,5,483.420000,79,Developing
890,2025-01-06,5,463.900000,174,At risk
891,2025-06-22,14,1045.670000,7,Champions
892,2024-07-28,1,0.000000,336,At risk
893,2024-09-20,2,26.240000,282,At risk
894,2024-12-28,4,383.040000,183,At risk
895,2025-04-27,7,431.260000,63,Developing
896,2024-12-06,10,821.650000,205,At risk
897,2025-05-14,7,662.220000,46,Developing
898,2025-01-22,2,159.370000,158,At risk
899,2025-05-14,7,469.170000,46,Developing
900,2025-04-14,14,1544.310000,76,Developing
901,2025-05-16,4,261.770000,44,Developing
902,2025-06-24,9,695.990000,5,Champions
903,2025-06-22,13,1544.540000,7,Champions
904,2024-08-27,4,335.360000,306,At risk
905,2025-06-04,9,936.830000,25,Champions
906,2025-06-18,12,1462.950000,11,Champions
907,2025-05-12,4,255.040000,48,Developing
908,2025-05-04,15,1544.940000,56,Champions
909,2025-01-06,2,148.290000,174,At risk
910,2025-04-27,4,556.500000,63,Developing
911,2025-02-07,11,1234.050000,142,At risk
912,2025-06-12,13,1260.900000,17,Champions
913,2025-05-20,6,545.530000,40,Developing
914,2025-02-19,7,883.850000,130,At risk
915,2025-05-04,5,316.260000,56,Developing
916,2025-03-24,5,315.340000,97,Developing
917,2025-05-12,4,260.970000,48,Developing
918,2024-10-27,4,230.400000,245,At risk
919,2025-01-01,3,631.140000,179,At risk
920,2025-01-11,5,453.440000,169,At risk
921,2025-05-02,10,1323.910000,58,Champions
922,2025-06-25,9,818.590000,4,Champions
923,2025-06-17,5,374.210000,12,Developing
924,2025-06-22,10,803.110000,7,Champions
925,2025-04-09,11,647.870000,81,Developing
926,2025-06-26,5,479.020000,3,Developing
927,2025-06-15,7,648.660000,14,Developing
928,2025-04-24,6,475.160000,66,Developing
929,2024-12-26,6,695.360000,185,At risk
930,2024-09-07,2,292.950000,295,At risk
931,2025-05-21,9,497.390000,39,Champions
932,2025-06-02,6,316.310000,27,Developing
933,2025-05-14,6,733.700000,46,Developing
934,2025-06-19,10,768.970000,10,Champions
935,2024-11-08,3,249.480000,233,At risk
936,2025-05-01,9,681.250000,59,Champions
937,2025-06-13,6,760.160000,16,Developing
938,2025-06-08,11,813.410000,21,Champions
939,2025-05-11,5,380.360000,49,Developing
940,2024-10-17,1,39.400000,255,At risk
941,2025-06-10,4,368.240000,19,Developing
942,2025-02-22,4,388.760000,127,At risk
943,2024-04-06,1,0.000000,449,At risk
944,2024-07-28,6,528.510000,336,At risk
945,2025-03-24,12,1072.100000,97,Developing
946,2025-05-02,9,848.840000,58,Champions
947,2025-06-12,9,1886.840000,17,Champions
948,2025-06-23,10,867.290000,6,Champions
949,2025-03-20,8,762.080000,101,Developing
950,2024-12-19,7,606.060000,192,At risk
951,2025-01-08,5,685.490000,172,At risk
952,2025-06-21,12,864.340000,8,Champions
953,2025-05-10,5,323.690000,50,Developing
954,2025-05-19,10,620.640000,41,Champions
955,2025-06-08,11,767.850000,21,Champions
956,2025-01-27,7,425.060000,153,At risk
957,2025-05-08,13,1089.360000,52,Champions
958,2025-01-20,12,761.280000,160,At risk
959,2025-05-26,16,1757.360000,34,Champions
960,2024-07-17,3,293.740000,347,At risk
961,2025-06-04,3,142.550000,25,Developing
962,2025-06-24,4,455.630000,5,Developing
963,2025-03-23,7,573.850000,98,Developing
964,2025-05-12,11,917.370000,48,Champions
965,2025-06-15,10,1421.430000,14,Champions
966,2025-01-23,7,465.660000,157,At risk
967,2025-05-06,12,1056.950000,54,Champions
968,2024-08-23,5,411.170000,310,At risk
969,2025-05-11,10,1680.060000,49,Champions
970,2025-05-28,8,670.430000,32,Champions
971,2025-06-04,14,986.280000,25,Champions
972,2025-06-21,6,407.990000,8,Developing
973,2024-08-24,1,57.980000,309,At risk
974,2025-03-20,4,186.310000,101,Developing
975,2025-03-25,4,321.940000,96,Developing
976,2025-06-14,6,206.740000,15,Developing
977,2025-04-20,4,598.490000,70,Developing
978,2025-05-16,13,913.960000,44,Champions
979,2025-04-23,4,330.960000,67,Developing
980,2025-02-10,2,127.560000,139,At risk
981,2025-03-14,10,831.600000,107,Developing
982,2025-04-25,11,1035.670000,65,Developing
983,2025-06-10,6,317.780000,19,Developing
984,2024-10-05,1,58.430000,267,At risk
985,2025-06-16,15,1256.730000,13,Champions
986,2024-11-18,4,150.660000,223,At risk
987,2025-05-20,9,579.570000,40,Champions
988,2025-05-15,9,453.370000,45,Champions
989,2024-09-05,1,253.240000,297,At risk
990,2025-04-20,6,593.260000,70,Developing
991,2025-05-25,4,254.550000,35,Developing
992,2024-10-11,1,0.000000,261,At risk
993,2025-01-26,4,641.000000,154,At risk
994,2025-02-12,13,1496.230000,137,At risk
995,2024-11-27,6,469.060000,214,At risk
996,2025-02-11,9,811.430000,138,At risk
997,2025-03-18,7,559.600000,103,Developing
998,2024-11-10,2,150.700000,231,At risk
999,2024-06-12,1,76.980000,382,At risk
1000,2025-05-06,14,1673.810000,54,Champions
1001,2025-03-22,6,393.400000,99,Developing
1002,2025-04-19,5,313.540000,71,Developing
1003,2025-05-25,8,1070.200000,35,Champions
1004,2025-04-04,8,964.230000,86,Developing
1005,2025-06-27,12,1087.350000,2,Champions
1006,2025-06-19,10,750.520000,10,Champions
1007,2024-12-15,5,814.510000,196,At risk
1008,2025-02-12,12,1049.850000,137,At risk
1009,2025-06-04,6,385.400000,25,Developing
1010,2025-05-16,7,477.240000,44,Developing
1011,2025-02-24,5,640.580000,125,At risk
1012,2024-10-21,3,255.620000,251,At risk
1013,2025-02-15,7,581.550000,134,At risk
1014,2025-04-21,8,621.120000,69,Developing
1015,2025-06-01,13,1367.850000,28,Champions
1016,2024-05-18,5,486.840000,407,At risk
1017,2025-05-06,9,651.440000,54,Champions
1018,2025-02-26,5,875.900000,123,At risk
1019,2024-11-26,6,665.530000,215,At risk
1020,2024-12-23,3,206.360000,188,At risk
1021,2024-10-15,5,657.500000,257,At risk
1022,2025-05-23,6,465.460000,37,Developing
1023,2025-03-10,4,424.740000,111,Developing
1024,2025-06-07,6,609.950000,22,Developing
1025,2025-03-04,11,1397.160000,117,Developing
1026,2024-10-15,7,575.330000,257,At risk
1027,2025-04-11,3,554.980000,79,Developing
1028,2025-05-12,10,747.940000,48,Champions
1029,2025-03-23,8,825.010000,98,Developing
1030,2025-06-13,5,258.310000,16,Developing
1031,2025-06-11,8,917.770000,18,Champions
1032,2024-12-25,4,231.490000,186,At risk
1033,2024-09-27,1,277.500000,275,At risk
1034,2025-06-23,9,552.690000,6,Champions
1035,2025-05-09,9,1758.410000,51,Champions
1036,2025-02-18,4,288.960000,131,At risk
1037,2025-05-24,6,585.340000,36,Developing
1038,2025-05-13,8,528.670000,47,Champions
1039,2024-09-13,1,72.420000,289,At risk
1040,2025-06-23,14,920.990000,6,Champions
1041,2024-08-11,3,651.400000,322,At risk
1042,2025-06-27,5,389.200000,2,Developing
1043,2025-02-14,7,333.530000,135,At risk
1044,2025-02-11,5,863.240000,138,At risk
1045,2025-04-17,4,613.840000,73,Developing
1046,2024-09-17,1,52.650000,285,At risk
1047,2025-04-03,5,354.990000,87,Developing
1048,2024-10-21,4,302.440000,251,At risk
1050,2025-06-20,8,443.680000,9,Champions
1051,2024-06-21,3,122.640000,373,At risk
1052,2025-06-26,5,589.130000,3,Developing
1053,2025-03-05,6,861.500000,116,Developing
1054,2025-06-18,9,678.720000,11,Champions
1055,2024-07-02,1,24.620000,362,At risk
1056,2024-10-21,3,272.320000,251,At risk
1057,2025-03-15,13,1418.520000,106,Developing
1058,2025-01-27,7,508.030000,153,At risk
1059,2025-06-27,11,571.280000,2,Champions
1060,2025-04-02,6,382.840000,88,Developing
1061,2025-02-26,7,596.460000,123,At risk
1062,2025-06-16,16,754.710000,13,Champions
1063,2025-05-27,6,348.580000,33,Developing
1064,2025-06-10,7,599.700000,19,Developing
1065,2025-03-20,6,489.850000,101,Developing
1067,2024-09-03,4,634.720000,299,At risk
1068,2025-05-13,8,633.810000,47,Champions
1069,2025-03-09,3,387.530000,112,Developing
1070,2025-05-07,12,866.730000,53,Champions
1071,2025-01-22,7,258.500000,158,At risk
1072,2025-04-22,10,1266.130000,68,Developing
1073,2025-04-16,6,248.290000,74,Developing
1074,2024-05-22,3,475.870000,403,At risk
1075,2025-02-28,6,519.270000,121,At risk
1076,2025-06-14,4,469.290000,15,Developing
1077,2025-03-26,4,780.220000,95,Developing
1078,2025-05-20,6,1090.400000,40,Developing
1079,2025-06-28,11,812.250000,1,Champions
1080,2025-05-26,5,334.620000,34,Developing
1081,2025-02-27,8,740.340000,122,At risk
1082,2025-06-24,3,139.490000,5,Developing
1083,2024-09-12,4,231.670000,290,At risk
1084,2025-04-23,3,214.420000,67,Developing
1085,2025-01-17,4,395.300000,163,At risk
1086,2025-06-06,14,1996.600000,23,Champions
1087,2025-06-06,6,926.390000,23,Developing
1088,2024-07-24,1,138.920000,340,At risk
1089,2025-06-28,9,913.710000,1,Champions
1090,2025-06-11,5,370.110000,18,Developing
1091,2025-04-22,9,654.880000,68,Developing
1092,2024-08-14,7,611.010000,319,At risk
1093,2024-08-01,1,71.690000,332,At risk
1094,2025-02-01,7,596.500000,148,At risk
1095,2025-06-23,9,849.160000,6,Champions
1096,2024-12-20,3,227.520000,191,At risk
1097,2025-06-25,9,766.860000,4,Champions
1098,2025-06-22,13,1294.910000,7,Champions
1099,2025-06-10,14,1351.750000,19,Champions
1100,2024-12-28,2,269.230000,183,At risk
1101,2025-06-25,6,1022.820000,4,Developing
1102,2024-10-09,9,1217.190000,263,At risk
1103,2024-12-26,3,297.590000,185,At risk
1104,2024-12-15,10,808.980000,196,At risk
1105,2025-06-26,10,868.520000,3,Champions
1106,2024-10-11,2,185.590000,261,At risk
1107,2025-01-22,3,165.320000,158,At risk
1108,2025-06-03,5,253.020000,26,Developing
1109,2025-06-23,3,263.220000,6,Developing
1110,2025-06-12,5,400.830000,17,Developing
1111,2025-03-17,4,298.120000,104,Developing
1112,2025-01-25,5,700.800000,155,At risk
1113,2024-05-21,3,135.960000,404,At risk
1114,2025-06-10,4,305.270000,19,Developing
1115,2025-05-08,7,698.460000,52,Developing
1116,2024-08-21,2,165.500000,312,At risk
1117,2025-06-27,5,521.220000,2,Developing
1118,2025-04-27,2,62.140000,63,Developing
1119,2025-05-19,8,509.760000,41,Champions
1120,2025-01-26,4,626.160000,154,At risk
1121,2025-05-22,9,1274.750000,38,Champions
1122,2024-02-10,1,207.810000,505,At risk
1123,2025-05-19,5,421.030000,41,Developing
1124,2025-05-25,8,669.990000,35,Champions
1125,2025-05-24,13,1213.460000,36,Champions
1126,2025-02-07,3,357.590000,142,At risk
1127,2025-04-25,4,368.280000,65,Developing
1128,2024-06-07,2,139.400000,387,At risk
1129,2025-01-11,2,328.500000,169,At risk
1130,2025-06-26,5,158.100000,3,Developing
1131,2024-12-16,7,829.580000,195,At risk
1132,2025-04-28,6,309.370000,62,Developing
1133,2024-07-22,5,399.140000,342,At risk
1134,2025-05-25,4,447.450000,35,Developing
1135,2024-09-13,2,20.470000,289,At risk
1136,2025-05-21,8,464.300000,39,Champions
1137,2024-03-12,3,354.740000,474,At risk
1138,2025-06-22,3,187.830000,7,Developing
1139,2024-09-18,1,77.840000,284,At risk
1140,2025-01-07,3,305.730000,173,At risk
1141,2025-06-18,3,266.300000,11,Developing
1142,2025-06-04,6,589.620000,25,Developing
1143,2024-08-19,1,80.400000,314,At risk
1144,2025-06-13,13,948.900000,16,Champions
1145,2025-05-23,6,247.800000,37,Developing
1146,2025-06-09,5,295.220000,20,Developing
1147,2025-03-11,6,486.000000,110,Developing
1148,2025-03-07,5,348.560000,114,Developing
1149,2025-04-17,8,450.840000,73,Developing
1150,2025-05-11,12,1080.360000,49,Champions
1151,2025-04-25,3,106.100000,65,Developing
1152,2024-07-19,1,80.040000,345,At risk
1153,2025-05-13,9,874.340000,47,Champions
1154,2025-05-18,11,1098.490000,42,Champions
1155,2025-04-16,7,677.830000,74,Developing
1156,2025-02-28,11,802.670000,121,At risk
1157,2025-01-26,3,167.750000,154,At risk
1158,2025-03-06,3,466.810000,115,Developing
1159,2025-01-09,5,652.960000,171,At risk
1160,2024-12-28,5,765.410000,183,At risk
1161,2025-06-03,15,1561.970000,26,Champions
1162,2025-04-27,2,58.160000,63,Developing
1163,2025-06-22,5,328.830000,7,Developing
1164,2025-04-28,5,221.210000,62,Developing
1165,2025-04-27,6,385.070000,63,Developing
1166,2025-04-15,5,479.220000,75,Developing
1167,2024-10-19,4,390.590000,253,At risk
1168,2024-09-20,1,0.000000,282,At risk
1169,2024-12-17,4,232.860000,194,At risk
1170,2024-09-21,2,176.340000,281,At risk
1171,2025-05-23,4,359.730000,37,Developing
1172,2025-03-04,6,528.330000,117,Developing
1173,2025-03-24,8,831.400000,97,Developing
1174,2025-06-27,8,673.820000,2,Champions
1175,2024-08-01,1,41.810000,332,At risk
1176,2025-05-20,12,825.870000,40,Champions
1177,2025-03-24,6,519.160000,97,Developing
1178,2025-06-28,8,757.630000,1,Champions
1179,2025-06-07,9,790.450000,22,Champions
1180,2025-05-09,13,1153.710000,51,Champions
1181,2025-03-24,11,1111.140000,97,Developing
1182,2025-03-19,2,513.030000,102,Developing
1183,2025-03-27,7,392.070000,94,Developing
1184,2024-04-15,4,232.130000,440,At risk
1185,2025-06-25,7,832.190000,4,Developing
1186,2025-04-20,19,1380.450000,70,Developing
1187,2025-05-06,10,912.190000,54,Champions
1188,2025-06-08,10,581.370000,21,Champions
1189,2025-06-26,4,539.070000,3,Developing
1190,2025-04-24,7,955.650000,66,Developing
1191,2025-06-23,6,473.510000,6,Developing
1192,2024-10-24,10,633.800000,248,At risk
1193,2025-06-17,4,445.760000,12,Developing
1194,2025-05-09,5,332.730000,51,Developing
1195,2025-06-04,5,251.430000,25,Developing
1196,2025-02-10,4,101.210000,139,At risk
1197,2025-04-22,11,1210.560000,68,Developing
1198,2025-05-13,14,1235.730000,47,Champions
1199,2025-04-25,2,75.890000,65,Developing
1200,2025-01-26,4,562.070000,154,At risk
1201,2025-03-20,5,394.450000,101,Developing
1202,2025-06-03,10,785.420000,26,Champions
1203,2025-01-28,6,339.900000,152,At risk
1204,2025-05-25,4,572.700000,35,Developing
1205,2024-09-13,3,257.990000,289,At risk
1206,2025-06-26,9,1621.910000,3,Champions
1207,2024-08-27,4,360.630000,306,At risk
1208,2025-04-26,5,314.870000,64,Developing
1209,2025-06-12,10,678.510000,17,Champions
1210,2025-06-26,9,452.120000,3,Champions
1211,2024-12-18,1,63.930000,193,At risk
1212,2025-04-28,2,54.690000,62,Developing
1213,2025-06-12,1,76.940000,17,Developing
1214,2024-01-16,2,157.650000,530,At risk
1215,2025-05-18,7,560.990000,42,Developing
1216,2025-06-01,8,821.810000,28,Champions
1217,2025-03-22,6,591.820000,99,Developing
1218,2024-11-19,3,672.590000,222,At risk
1219,2024-06-28,3,158.340000,366,At risk
1220,2025-06-04,5,703.390000,25,Developing
1221,2025-06-16,7,816.150000,13,Developing
1222,2025-06-23,6,366.720000,6,Developing
1223,2025-02-24,4,328.690000,125,At risk
1224,2025-04-03,3,209.970000,87,Developing
1225,2025-02-28,5,939.690000,121,At risk
1226,2025-04-25,7,707.230000,65,Developing
1227,2025-02-11,4,432.650000,138,At risk
1228,2025-06-28,9,403.950000,1,Champions
1229,2024-02-06,1,29.350000,509,At risk
1230,2025-04-07,8,1274.160000,83,Developing
1231,2025-06-09,9,882.690000,20,Champions
1232,2025-05-08,3,145.870000,52,Developing
1233,2025-04-20,7,656.560000,70,Developing
1234,2025-03-03,8,503.840000,118,Developing
1235,2024-03-26,2,250.070000,460,At risk
1236,2025-03-09,3,312.430000,112,Developing
1237,2025-04-13,5,310.130000,77,Developing
1238,2024-03-06,1,135.710000,480,At risk
1239,2025-04-14,8,711.180000,76,Developing
1240,2024-12-08,2,349.940000,203,At risk
1241,2025-05-19,11,883.200000,41,Champions
1242,2025-04-27,9,760.180000,63,Developing
1243,2024-11-04,3,93.250000,237,At risk
1244,2025-03-24,7,687.180000,97,Developing
1245,2025-06-13,5,141.810000,16,Developing
1246,2025-06-26,9,667.970000,3,Champions
1247,2025-06-09,6,766.880000,20,Developing
1248,2024-12-24,7,571.850000,187,At risk
1249,2025-05-06,5,338.470000,54,Developing
1250,2025-02-18,9,831.720000,131,At risk
1251,2024-06-21,2,257.360000,373,At risk
1252,2025-02-01,2,95.910000,148,At risk
1253,2025-03-25,8,554.260000,96,Developing
1254,2025-02-12,4,367.640000,137,At risk
1255,2024-12-24,6,993.440000,187,At risk
1256,2025-04-12,3,126.950000,78,Developing
1257,2025-05-18,9,1172.050000,42,Champions
1258,2025-06-01,7,627.730000,28,Developing
1259,2025-03-26,5,566.970000,95,Developing
1260,2025-06-25,9,506.250000,4,Champions
1261,2025-03-15,7,323.130000,106,Developing
1262,2025-05-17,3,589.360000,43,Developing
1263,2025-06-02,3,68.690000,27,Developing
1264,2025-06-25,8,406.580000,4,Champions
1265,2025-05-14,10,1146.510000,46,Champions
1266,2025-03-28,11,716.730000,93,Developing
1267,2025-04-04,3,333.140000,86,Developing
1268,2025-03-02,13,1083.280000,119,Developing
1269,2024-07-05,2,245.990000,359,At risk
1270,2025-05-11,6,271.370000,49,Developing
1271,2025-05-27,3,315.340000,33,Developing
1272,2024-10-13,6,395.310000,259,At risk
1273,2025-05-14,5,489.620000,46,Developing
1274,2024-09-01,6,410.320000,301,At risk
1275,2025-05-18,5,334.080000,42,Developing
1276,2025-02-25,8,746.510000,124,At risk
1277,2025-02-13,2,206.680000,136,At risk
1278,2025-05-25,11,830.530000,35,Champions
1279,2025-05-15,4,363.520000,45,Developing
1280,2025-04-16,4,206.840000,74,Developing
1281,2025-05-06,9,1227.420000,54,Champions
1282,2025-05-24,9,627.650000,36,Champions
1284,2025-06-09,3,175.380000,20,Developing
1285,2025-06-19,4,402.520000,10,Developing
1286,2025-02-25,5,756.860000,124,At risk
1288,2025-05-17,11,1392.740000,43,Champions
1289,2025-04-11,7,995.380000,79,Developing
1290,2025-02-14,5,576.880000,135,At risk
1291,2025-06-16,12,1840.130000,13,Champions
1292,2024-12-11,3,190.420000,200,At risk
1293,2025-04-11,7,425.860000,79,Developing
1294,2024-12-20,5,610.410000,191,At risk
1295,2024-11-16,3,293.910000,225,At risk
1296,2025-04-20,5,397.230000,70,Developing
1297,2024-11-24,4,579.110000,217,At risk
1298,2025-06-09,7,596.600000,20,Developing
1299,2025-04-26,10,767.540000,64,Developing
1300,2025-06-04,8,653.810000,25,Champions
1301,2025-01-18,5,551.120000,162,At risk
1302,2025-06-18,13,1293.140000,11,Champions
1303,2025-06-19,5,304.580000,10,Developing
1304,2025-05-27,8,738.750000,33,Champions
1305,2025-02-16,5,609.800000,133,At risk
1306,2025-06-27,7,531.960000,2,Developing
1308,2025-05-23,11,895.240000,37,Champions
1309,2025-05-05,14,1322.800000,55,Champions
1310,2025-06-25,13,1448.760000,4,Champions
1311,2025-06-11,7,864.410000,18,Developing
1312,2025-02-26,9,1030.280000,123,At risk
1313,2025-04-06,8,833.950000,84,Developing
1314,2025-03-02,12,1017.840000,119,Developing
1315,2024-10-19,1,0.000000,253,At risk
1316,2025-05-16,5,234.380000,44,Developing
1317,2025-04-10,9,956.440000,80,Developing
1318,2025-03-17,13,1149.780000,104,Developing
1319,2025-03-09,4,206.520000,112,Developing
1320,2025-04-27,7,497.300000,63,Developing
1321,2025-06-28,14,1301.610000,1,Champions
1322,2024-12-28,4,420.930000,183,At risk
1323,2025-06-11,11,1078.220000,18,Champions
1324,2025-06-05,9,609.090000,24,Champions
1325,2025-06-28,11,661.330000,1,Champions
1326,2025-03-17,6,796.600000,104,Developing
1327,2025-02-24,5,541.600000,125,At risk
1328,2025-03-19,7,368.140000,102,Developing
1329,2024-06-07,1,55.840000,387,At risk
1330,2025-03-24,6,347.510000,97,Developing
1331,2025-04-24,11,1245.180000,66,Developing
1332,2024-08-25,6,885.490000,308,At risk
1333,2025-04-26,12,845.650000,64,Developing
1334,2025-02-15,7,512.410000,134,At risk
1335,2025-06-23,3,434.520000,6,Developing
1336,2025-05-01,10,696.010000,59,Champions
1337,2025-05-27,8,473.790000,33,Champions
1338,2025-06-24,9,560.070000,5,Champions
1339,2025-06-26,12,1088.970000,3,Champions
1340,2025-05-08,12,908.790000,52,Champions
1341,2025-06-15,9,1082.560000,14,Champions
1342,2025-06-01,5,312.010000,28,Developing
1343,2025-04-23,5,700.980000,67,Developing
1344,2025-01-09,6,523.790000,171,At risk
1345,2024-04-01,1,22.380000,454,At risk
1346,2025-02-21,3,201.320000,128,At risk
1347,2025-01-13,5,395.770000,167,At risk
1348,2025-05-26,11,921.820000,34,Champions
1349,2024-11-11,3,220.830000,230,At risk
1350,2025-06-16,3,402.670000,13,Developing
1351,2024-12-16,4,311.920000,195,At risk
1352,2025-06-17,2,338.550000,12,Developing
1354,2025-06-25,8,469.540000,4,Champions
1355,2025-06-01,4,588.210000,28,Developing
1356,2025-06-28,9,702.060000,1,Champions
1357,2025-06-16,8,633.660000,13,Champions
1358,2025-03-22,11,746.090000,99,Developing
1359,2025-02-25,7,566.730000,124,At risk
1360,2024-10-06,12,810.980000,266,At risk
1361,2024-12-08,4,770.520000,203,At risk
1362,2024-06-16,7,334.320000,378,At risk
1363,2024-07-23,2,76.580000,341,At risk
1364,2025-04-17,5,315.160000,73,Developing
1365,2025-04-21,4,128.680000,69,Developing
1366,2025-03-02,4,309.680000,119,Developing
1367,2025-06-08,9,491.430000,21,Champions
1368,2025-06-23,5,568.230000,6,Developing
1369,2024-10-16,4,519.220000,256,At risk
1370,2025-01-17,2,350.560000,163,At risk
1371,2025-02-23,4,805.320000,126,At risk
1372,2025-04-20,8,1090.590000,70,Developing
1373,2025-04-28,7,499.500000,62,Developing
1374,2025-06-27,13,1613.990000,2,Champions
1375,2025-05-22,8,860.180000,38,Champions
1376,2025-05-16,10,1224.930000,44,Champions
1377,2025-05-05,6,605.650000,55,Developing
1378,2025-01-25,8,1273.310000,155,At risk
1379,2024-04-27,2,329.000000,428,At risk
1380,2025-05-04,14,1440.450000,56,Champions
1381,2024-10-21,1,42.250000,251,At risk
1382,2025-01-17,2,94.510000,163,At risk
1383,2024-02-11,1,109.180000,504,At risk
1384,2025-04-09,9,970.970000,81,Developing
1385,2025-04-13,4,786.870000,77,Developing
1386,2025-04-01,3,278.900000,89,Developing
1387,2025-05-18,5,790.180000,42,Developing
1388,2025-06-15,6,466.570000,14,Developing
1389,2024-06-20,6,530.460000,374,At risk
1390,2025-01-15,3,339.390000,165,At risk
1391,2024-10-24,3,360.840000,248,At risk
1392,2025-04-01,13,1183.110000,89,Developing
1393,2025-04-19,2,193.410000,71,Developing
1394,2024-07-07,4,282.690000,357,At risk
1395,2025-02-13,4,352.350000,136,At risk
1396,2025-05-08,9,704.030000,52,Champions
1397,2024-10-22,7,821.860000,250,At risk
1398,2025-03-02,7,665.740000,119,Developing
1399,2025-06-01,17,1445.350000,28,Champions
1400,2025-02-28,8,507.470000,121,At risk
1401,2024-08-26,3,148.220000,307,At risk
1402,2025-04-13,2,175.890000,77,Developing
1403,2025-05-04,4,373.110000,56,Developing
1404,2025-03-13,2,429.200000,108,Developing
1405,2025-05-19,9,482.700000,41,Champions
1406,2025-04-28,5,337.900000,62,Developing
1407,2025-05-21,3,347.110000,39,Developing
1408,2025-02-25,4,453.510000,124,At risk
1409,2025-06-18,11,1178.260000,11,Champions
1410,2025-05-01,2,163.900000,59,Developing
1411,2025-02-18,6,663.030000,131,At risk
1412,2025-06-22,3,415.040000,7,Developing
1413,2025-06-21,13,997.180000,8,Champions
1414,2025-01-16,7,841.790000,164,At risk
1415,2024-10-14,2,88.170000,258,At risk
1416,2025-02-01,3,141.560000,148,At risk
1417,2025-01-20,12,1095.650000,160,At risk
1418,2025-05-25,7,913.720000,35,Developing
1419,2025-06-28,8,641.140000,1,Champions
1420,2025-06-11,8,1068.160000,18,Champions
1421,2025-05-27,10,1278.260000,33,Champions
1422,2024-11-21,4,274.040000,220,At risk
1423,2025-06-06,9,528.960000,23,Champions
1424,2025-04-24,14,896.450000,66,Developing
1425,2025-03-03,11,871.650000,118,Developing
1426,2025-05-27,6,581.380000,33,Developing
1427,2025-04-18,2,223.470000,72,Developing
1428,2025-03-12,10,636.060000,109,Developing
1429,2025-06-25,12,1248.430000,4,Champions
1430,2025-02-18,5,230.800000,131,At risk
1431,2025-06-04,9,724.710000,25,Champions
1432,2025-03-01,4,575.370000,120,Developing
1433,2024-09-06,6,433.970000,296,At risk
1434,2025-04-20,12,1261.170000,70,Developing
1435,2025-01-15,2,127.590000,165,At risk
1436,2025-05-06,8,1107.100000,54,Champions
1437,2025-02-06,8,618.090000,143,At risk
1438,2025-04-26,3,150.650000,64,Developing
1439,2024-10-28,6,1058.250000,244,At risk
1440,2025-02-26,4,157.450000,123,At risk
1441,2025-03-16,4,131.890000,105,Developing
1442,2024-09-05,1,44.050000,297,At risk
1443,2024-06-15,3,105.300000,379,At risk
1444,2025-06-03,6,644.280000,26,Developing
1445,2025-05-18,5,689.350000,42,Developing
1446,2025-02-12,4,573.820000,137,At risk
1447,2025-06-18,4,496.510000,11,Developing
1448,2024-05-23,1,61.530000,402,At risk
1449,2024-10-15,2,270.410000,257,At risk
1450,2025-04-06,7,432.990000,84,Developing
1451,2025-02-03,2,41.250000,146,At risk
1452,2025-05-16,10,932.580000,44,Champions
1453,2024-03-26,1,0.000000,460,At risk
1454,2025-05-09,4,266.230000,51,Developing
1455,2025-02-21,11,1261.330000,128,At risk
1456,2025-01-22,6,907.480000,158,At risk
1457,2024-08-12,6,457.300000,321,At risk
1459,2025-04-21,9,894.340000,69,Developing
1460,2025-02-03,6,433.640000,146,At risk
1461,2025-04-02,2,362.750000,88,Developing
1462,2025-05-05,13,1097.040000,55,Champions
1463,2025-05-25,7,970.860000,35,Developing
1464,2025-04-16,11,926.520000,74,Developing
1465,2025-01-19,3,95.990000,161,At risk
1466,2024-08-16,4,289.820000,317,At risk
1467,2024-12-03,10,1255.450000,208,At risk
1468,2025-06-20,8,555.710000,9,Champions
1469,2025-04-18,3,146.880000,72,Developing
1470,2025-05-13,12,1559.880000,47,Champions
1471,2024-09-01,1,211.030000,301,At risk
1472,2025-06-27,5,319.130000,2,Developing
1473,2025-06-11,4,254.660000,18,Developing
1474,2025-05-02,7,437.500000,58,Developing
1475,2025-06-01,9,480.300000,28,Champions
1476,2025-06-16,3,138.260000,13,Developing
1477,2025-02-09,11,1617.230000,140,At risk
1478,2025-04-27,8,496.030000,63,Developing
1479,2025-05-26,11,776.710000,34,Champions
1480,2025-06-10,8,617.280000,19,Champions
1481,2025-03-14,10,692.380000,107,Developing
1482,2024-06-16,1,139.310000,378,At risk
1483,2025-01-17,6,496.630000,163,At risk
1484,2025-05-24,8,1248.050000,36,Champions
1485,2025-02-26,4,269.030000,123,At risk
1486,2024-12-16,7,657.120000,195,At risk
1487,2025-06-08,16,1494.810000,21,Champions
1488,2025-04-12,7,1025.930000,78,Developing
1489,2025-06-24,10,967.980000,5,Champions
1490,2025-02-09,2,28.610000,140,At risk
1491,2025-04-06,5,340.330000,84,Developing
1492,2025-01-25,5,474.910000,155,At risk
1493,2025-03-25,5,656.240000,96,Developing
1494,2024-10-26,3,646.650000,246,At risk
1495,2025-06-26,4,257.680000,3,Developing
1496,2025-04-14,3,206.120000,76,Developing
1497,2025-05-22,3,111.860000,38,Developing
1498,2025-02-12,3,286.590000,137,At risk
1499,2025-04-14,7,649.100000,76,Developing
1500,2025-03-19,4,137.690000,102,Developing
1501,2024-09-05,3,263.750000,297,At risk
1502,2025-03-25,7,715.110000,96,Developing
1503,2024-11-28,3,626.580000,213,At risk
1504,2024-12-19,3,314.480000,192,At risk
1505,2025-05-19,12,1403.000000,41,Champions
1506,2024-12-11,5,826.250000,200,At risk
1507,2025-06-05,13,1975.470000,24,Champions
1508,2025-03-22,5,729.040000,99,Developing
1509,2025-06-12,3,164.230000,17,Developing
1510,2025-06-19,4,263.240000,10,Developing
1511,2025-04-19,7,855.190000,71,Developing
1512,2025-06-01,5,575.800000,28,Developing
1513,2025-03-21,16,1496.660000,100,Developing
1514,2025-02-12,8,688.410000,137,At risk
1515,2024-08-26,2,36.430000,307,At risk
1516,2025-04-12,1,37.410000,78,Developing
1517,2024-09-25,1,305.650000,277,At risk
1518,2025-06-22,13,1042.820000,7,Champions
1519,2025-01-13,4,459.980000,167,At risk
1520,2025-05-01,12,987.170000,59,Champions
1521,2025-06-20,9,1234.000000,9,Champions
1522,2025-04-14,4,206.370000,76,Developing
1523,2025-03-09,4,411.980000,112,Developing
1524,2024-08-06,1,24.540000,327,At risk
1525,2025-04-17,8,740.200000,73,Developing
1526,2025-01-28,2,566.060000,152,At risk
1527,2025-05-11,8,840.040000,49,Champions
1528,2025-04-28,7,583.180000,62,Developing
1529,2025-03-28,4,521.620000,93,Developing
1530,2025-06-20,10,612.530000,9,Champions
1531,2024-08-14,1,65.850000,319,At risk
1532,2025-06-18,12,1096.720000,11,Champions
1533,2024-08-06,1,39.710000,327,At risk
1534,2024-04-28,2,95.790000,427,At risk
1535,2025-04-16,9,1182.440000,74,Developing
1536,2025-02-24,3,379.690000,125,At risk
1537,2025-05-15,5,447.610000,45,Developing
1538,2025-03-23,7,510.330000,98,Developing
1539,2025-05-26,4,350.210000,34,Developing
1540,2025-04-19,9,1114.720000,71,Developing
1541,2025-05-01,12,795.440000,59,Champions
1542,2025-06-20,11,1086.150000,9,Champions
1543,2024-09-13,4,426.340000,289,At risk
1544,2025-06-25,15,1561.290000,4,Champions
1545,2025-03-17,11,911.130000,104,Developing
1546,2025-06-05,8,503.920000,24,Champions
1547,2025-06-09,9,1033.740000,20,Champions
1548,2025-02-16,4,223.800000,133,At risk
1549,2025-04-23,10,1397.300000,67,Developing
1550,2025-05-06,5,410.670000,54,Developing
1551,2025-06-07,17,1216.840000,22,Champions
1552,2025-06-02,12,570.230000,27,Champions
1553,2025-06-05,12,1263.380000,24,Champions
1554,2025-03-26,5,435.050000,95,Developing
1555,2025-05-27,5,319.560000,33,Developing
1556,2025-06-06,11,1058.010000,23,Champions
1557,2025-06-27,8,1003.620000,2,Champions
1558,2025-03-24,9,778.720000,97,Developing
1559,2025-05-21,8,566.500000,39,Champions
1560,2024-11-25,4,888.910000,216,At risk
1561,2025-02-17,4,279.350000,132,At risk
1562,2025-04-25,7,346.800000,65,Developing
1563,2025-02-04,5,334.380000,145,At risk
1564,2025-06-08,17,1373.350000,21,Champions
1565,2025-05-10,9,771.300000,50,Champions
1566,2025-05-07,4,521.770000,53,Developing
1567,2025-03-23,4,264.070000,98,Developing
1568,2025-02-02,4,39.820000,147,At risk
1569,2025-06-02,10,534.790000,27,Champions
1570,2025-06-14,8,947.930000,15,Champions
1571,2025-06-07,13,1328.290000,22,Champions
1572,2024-12-23,3,426.180000,188,At risk
1573,2024-04-14,2,318.830000,441,At risk
1574,2024-07-10,6,538.230000,354,At risk
1575,2025-01-11,3,415.570000,169,At risk
1576,2025-03-19,4,306.480000,102,Developing
1577,2024-10-01,4,434.310000,271,At risk
1578,2025-05-03,12,1061.000000,57,Champions
1579,2025-05-08,5,403.630000,52,Developing
1580,2025-05-16,4,88.650000,44,Developing
1581,2025-03-11,6,427.290000,110,Developing
1582,2025-02-05,7,740.050000,144,At risk
1583,2025-05-25,6,287.750000,35,Developing
1584,2024-08-22,2,56.410000,311,At risk
1585,2025-06-15,9,824.580000,14,Champions
1586,2024-03-03,2,41.390000,483,At risk
1587,2025-05-28,4,374.810000,32,Developing
1588,2025-05-15,12,1027.240000,45,Champions
1589,2025-05-09,7,1010.440000,51,Developing
1590,2025-06-05,6,634.750000,24,Developing
1591,2024-08-09,4,176.000000,324,At risk
1592,2025-01-21,2,195.550000,159,At risk
1593,2025-01-10,4,279.700000,170,At risk
1594,2025-06-05,8,503.010000,24,Champions
1595,2025-06-23,14,1113.810000,6,Champions
1596,2025-06-05,6,442.180000,24,Developing
1597,2025-06-25,13,1244.790000,4,Champions
1598,2025-04-27,7,729.610000,63,Developing
1599,2025-04-01,3,164.420000,89,Developing
1600,2025-05-16,10,1072.340000,44,Champions
1601,2025-02-25,7,982.520000,124,At risk
1602,2025-02-09,2,121.110000,140,At risk
1603,2025-01-04,4,370.550000,176,At risk
1604,2025-06-14,14,841.970000,15,Champions
1605,2025-04-25,4,356.180000,65,Developing
1606,2025-05-28,6,829.660000,32,Developing
1607,2025-05-15,13,1165.050000,45,Champions
1608,2025-04-06,10,730.800000,84,Developing
1609,2025-02-18,5,184.140000,131,At risk
1610,2025-06-11,10,1106.520000,18,Champions
1611,2025-05-28,2,128.810000,32,Developing
1612,2025-06-23,17,1657.010000,6,Champions
1613,2024-07-14,3,368.620000,350,At risk
1614,2025-04-28,5,255.700000,62,Developing
1615,2025-01-14,3,303.890000,166,At risk
1616,2025-01-26,7,571.650000,154,At risk
1617,2025-03-23,5,262.060000,98,Developing
1618,2025-05-18,16,1467.470000,42,Champions
1619,2025-04-20,5,490.830000,70,Developing
1620,2025-01-01,5,473.110000,179,At risk
1621,2025-05-12,9,898.890000,48,Champions
1622,2025-03-21,5,270.020000,100,Developing
1623,2025-04-13,8,571.920000,77,Developing
1624,2025-06-15,6,589.370000,14,Developing
1625,2025-06-06,11,1136.990000,23,Champions
1626,2024-06-14,1,148.340000,380,At risk
1627,2025-02-17,11,850.240000,132,At risk
1628,2024-12-15,6,734.830000,196,At risk
1629,2025-04-16,9,906.230000,74,Developing
1630,2025-05-18,5,270.490000,42,Developing
1631,2025-06-28,16,1669.200000,1,Champions
1632,2025-01-04,3,363.650000,176,At risk
1633,2024-01-26,2,279.700000,520,At risk
1634,2025-06-01,10,969.400000,28,Champions
1635,2025-06-06,4,231.530000,23,Developing
1636,2025-06-01,10,1099.320000,28,Champions
1637,2025-06-13,8,461.940000,16,Champions
1638,2025-06-08,7,629.920000,21,Developing
1639,2024-01-12,1,321.360000,534,At risk
1640,2025-06-13,10,845.700000,16,Champions
1641,2025-06-21,10,776.060000,8,Champions
1642,2025-06-26,4,474.500000,3,Developing
1643,2025-03-28,5,353.130000,93,Developing
1644,2025-06-21,11,825.820000,8,Champions
1645,2025-03-11,2,184.950000,110,Developing
1646,2025-01-22,5,890.630000,158,At risk
1647,2025-02-04,4,533.460000,145,At risk
1648,2025-05-23,7,613.660000,37,Developing
1649,2025-06-23,5,661.410000,6,Developing
1650,2025-04-10,6,748.290000,80,Developing
1651,2025-05-16,6,368.370000,44,Developing
1652,2024-12-06,6,1132.110000,205,At risk
1653,2025-06-06,7,728.520000,23,Developing
1654,2025-01-01,4,224.470000,179,At risk
1655,2025-05-07,8,517.190000,53,Champions
1656,2025-05-07,5,762.130000,53,Developing
1657,2025-01-18,9,892.070000,162,At risk
1658,2025-05-10,3,454.060000,50,Developing
1659,2025-02-27,10,923.580000,122,At risk
1660,2024-10-27,5,240.110000,245,At risk
1661,2025-04-24,4,482.560000,66,Developing
1662,2025-02-02,4,392.930000,147,At risk
1663,2024-12-10,6,435.070000,201,At risk
1664,2025-05-02,8,1084.650000,58,Champions
1665,2025-06-28,11,808.490000,1,Champions
1666,2025-01-26,4,471.420000,154,At risk
1667,2025-06-06,10,1200.130000,23,Champions
1668,2025-05-16,8,724.040000,44,Champions
1669,2025-01-28,7,786.590000,152,At risk
1670,2025-04-18,10,974.470000,72,Developing
1671,2024-03-14,4,213.680000,472,At risk
1672,2025-06-05,12,934.520000,24,Champions
1673,2025-04-06,6,794.990000,84,Developing
1674,2025-06-21,5,278.130000,8,Developing
1675,2025-06-01,9,863.900000,28,Champions
1676,2025-06-18,13,1024.540000,11,Champions
1677,2025-03-12,6,606.520000,109,Developing
1678,2025-03-28,8,538.980000,93,Developing
1679,2024-04-10,2,128.510000,445,At risk
1680,2024-05-09,1,96.520000,416,At risk
1681,2025-06-27,6,439.860000,2,Developing
1682,2025-04-09,2,174.440000,81,Developing
1683,2025-06-14,12,1425.810000,15,Champions
1684,2024-05-22,1,202.510000,403,At risk
1685,2025-03-21,9,1229.380000,100,Developing
1686,2025-06-14,8,544.990000,15,Champions
1687,2024-12-25,8,1092.980000,186,At risk
1688,2024-09-15,1,42.410000,287,At risk
1689,2024-11-09,4,535.520000,232,At risk
1690,2024-02-26,2,44.300000,489,At risk
1691,2025-03-07,3,184.640000,114,Developing
1692,2025-05-07,3,144.430000,53,Developing
1693,2025-06-02,10,827.040000,27,Champions
1694,2025-04-19,8,518.720000,71,Developing
1695,2025-01-01,2,108.220000,179,At risk
1696,2025-06-14,10,770.100000,15,Champions
1697,2025-06-01,13,780.310000,28,Champions
1698,2025-03-09,4,74.470000,112,Developing
1699,2025-06-14,4,199.360000,15,Developing
1700,2025-02-01,4,193.200000,148,At risk
1701,2024-02-01,1,0.000000,514,At risk
1702,2025-01-26,4,275.360000,154,At risk
1703,2025-06-23,3,83.920000,6,Developing
1704,2024-09-15,2,237.810000,287,At risk
1705,2024-02-20,1,105.070000,495,At risk
1706,2025-05-18,9,1072.150000,42,Champions
1707,2025-01-23,3,295.590000,157,At risk
1708,2025-04-20,4,592.190000,70,Developing
1709,2025-06-03,10,927.520000,26,Champions
1710,2025-06-22,9,1220.350000,7,Champions
1711,2025-03-12,2,182.280000,109,Developing
1712,2025-04-02,4,318.050000,88,Developing
1713,2025-04-10,9,1006.070000,80,Developing
1714,2024-09-14,3,480.470000,288,At risk
1715,2025-03-02,12,960.910000,119,Developing
1716,2025-04-22,5,289.620000,68,Developing
1717,2024-05-24,1,40.520000,401,At risk
1718,2025-06-01,3,241.430000,28,Developing
1719,2025-05-17,9,994.630000,43,Champions
1720,2025-04-07,9,908.580000,83,Developing
1721,2024-09-10,3,482.370000,292,At risk
1722,2025-03-17,6,316.300000,104,Developing
1723,2024-11-06,5,441.450000,235,At risk
1724,2025-06-01,15,1327.640000,28,Champions
1725,2024-03-10,1,58.650000,476,At risk
1726,2024-12-19,6,345.050000,192,At risk
1727,2024-12-20,3,176.920000,191,At risk
1728,2025-05-20,9,793.610000,40,Champions
1729,2025-05-28,8,797.360000,32,Champions
1730,2025-06-15,4,495.720000,14,Developing
1731,2025-06-24,11,1169.210000,5,Champions
1732,2025-06-19,7,382.330000,10,Developing
1733,2025-05-27,3,289.320000,33,Developing
1734,2025-05-11,8,1059.650000,49,Champions
1735,2025-04-25,10,1302.140000,65,Developing
1736,2025-03-16,7,603.510000,105,Developing
1737,2025-06-22,12,1105.550000,7,Champions
1738,2024-10-23,5,281.770000,249,At risk
1739,2025-01-15,2,88.510000,165,At risk
1740,2025-05-24,4,214.690000,36,Developing
1741,2024-08-25,2,109.280000,308,At risk
1742,2024-02-11,3,184.460000,504,At risk
1743,2025-04-15,8,1123.090000,75,Developing
1744,2025-02-14,5,499.230000,135,At risk
1745,2024-07-11,2,36.900000,353,At risk
1746,2025-01-18,5,572.550000,162,At risk
1747,2025-06-20,4,162.210000,9,Developing
1748,2025-05-19,4,393.440000,41,Developing
1749,2025-05-08,7,371.310000,52,Developing
1750,2025-04-20,12,1246.130000,70,Developing
1751,2025-04-21,10,726.750000,69,Developing
1752,2025-02-21,5,915.980000,128,At risk
1753,2025-06-04,20,1747.550000,25,Champions
1754,2025-06-23,11,1090.900000,6,Champions
1755,2024-12-27,6,632.200000,184,At risk
1756,2025-06-07,7,525.600000,22,Developing
1757,2025-01-01,4,140.350000,179,At risk
1758,2025-06-01,16,2156.570000,28,Champions
1759,2025-06-07,5,183.040000,22,Developing
1760,2025-06-07,3,431.880000,22,Developing
1761,2025-06-13,8,831.160000,16,Champions
1762,2025-04-08,6,327.210000,82,Developing
1763,2025-04-28,9,607.720000,62,Developing
1764,2025-06-06,10,372.790000,23,Champions
1765,2024-12-25,2,160.970000,186,At risk
1766,2025-04-28,3,339.050000,62,Developing
1767,2025-04-09,2,102.650000,81,Developing
1768,2025-01-24,3,238.230000,156,At risk
1769,2025-01-15,7,842.500000,165,At risk
1770,2024-11-11,3,223.900000,230,At risk
1771,2025-02-23,11,953.250000,126,At risk
1772,2025-06-26,11,747.120000,3,Champions
1773,2025-06-24,7,1304.100000,5,Developing
1774,2025-05-10,8,783.680000,50,Champions
1775,2025-06-16,5,438.450000,13,Developing
1776,2025-05-06,6,929.310000,54,Developing
1777,2024-03-02,1,60.940000,484,At risk
1778,2025-04-01,7,486.950000,89,Developing
1779,2025-06-10,8,1155.540000,19,Champions
1780,2024-10-08,3,406.790000,264,At risk
1781,2025-06-16,7,698.380000,13,Developing
1782,2024-07-18,1,0.000000,346,At risk
1783,2025-06-04,24,3349.970000,25,Champions
1784,2025-05-12,11,1017.200000,48,Champions
1785,2025-06-17,7,569.940000,12,Developing
1786,2024-12-03,3,177.190000,208,At risk
1787,2025-03-28,6,391.230000,93,Developing
1788,2025-01-18,6,413.250000,162,At risk
1789,2025-06-13,15,1713.450000,16,Champions
1790,2025-06-18,5,478.530000,11,Developing
1791,2025-06-03,6,457.030000,26,Developing
1792,2025-04-14,5,659.810000,76,Developing
1793,2024-11-15,2,216.890000,226,At risk
1794,2025-06-21,8,792.960000,8,Champions
1795,2025-06-22,9,869.870000,7,Champions
1796,2025-05-01,8,521.340000,59,Champions
1797,2025-05-23,11,781.820000,37,Champions
1798,2025-06-24,4,352.600000,5,Developing
1799,2024-11-13,3,403.120000,228,At risk
1800,2025-06-03,12,887.100000,26,Champions
1801,2025-06-17,9,473.490000,12,Champions
1802,2025-02-17,9,830.070000,132,At risk
1803,2025-05-17,12,1261.250000,43,Champions
1804,2025-06-20,10,912.870000,9,Champions
1805,2025-02-13,4,374.190000,136,At risk
1806,2024-04-08,4,394.010000,447,At risk
1807,2025-06-04,12,861.100000,25,Champions
1808,2025-06-17,16,1553.640000,12,Champions
1810,2025-06-05,8,919.940000,24,Champions
1811,2025-05-28,12,1517.820000,32,Champions
1812,2024-09-21,2,183.830000,281,At risk
1813,2024-12-28,4,433.500000,183,At risk
1814,2024-12-09,3,132.490000,202,At risk
1815,2024-10-19,5,620.350000,253,At risk
1816,2025-03-09,3,264.290000,112,Developing
1817,2025-06-28,8,810.740000,1,Champions
1818,2024-11-26,5,433.010000,215,At risk
1819,2025-06-14,5,554.730000,15,Developing
1820,2024-11-13,2,77.350000,228,At risk
1821,2025-05-21,12,823.640000,39,Champions
1822,2025-06-14,13,886.590000,15,Champions
1823,2025-02-18,4,257.940000,131,At risk
1824,2025-04-07,5,239.920000,83,Developing
1825,2025-04-01,5,796.540000,89,Developing
1826,2024-06-16,1,179.300000,378,At risk
1827,2024-09-27,1,146.090000,275,At risk
1828,2024-11-19,6,690.360000,222,At risk
1829,2024-06-18,2,285.730000,376,At risk
1830,2025-02-01,2,59.030000,148,At risk
1831,2025-04-28,14,1077.690000,62,Developing
1832,2025-04-22,4,190.480000,68,Developing
1833,2024-12-26,2,56.800000,185,At risk
1834,2025-06-18,5,556.630000,11,Developing
1835,2024-08-02,1,118.310000,331,At risk
1836,2025-01-28,8,443.480000,152,At risk
1837,2025-06-18,8,675.880000,11,Champions
1838,2025-03-28,4,126.390000,93,Developing
1839,2024-01-01,1,137.270000,545,At risk
1840,2025-03-14,12,841.440000,107,Developing
1841,2025-05-22,4,254.460000,38,Developing
1842,2024-11-17,4,513.150000,224,At risk
1843,2025-02-19,10,895.540000,130,At risk
1844,2025-02-04,9,849.480000,145,At risk
1845,2025-03-05,3,150.520000,116,Developing
1846,2025-02-21,4,358.860000,128,At risk
1847,2025-02-21,11,971.500000,128,At risk
1848,2025-05-27,6,823.820000,33,Developing
1849,2025-06-05,7,416.880000,24,Developing
1850,2025-06-26,10,808.670000,3,Champions
1851,2025-05-02,8,458.950000,58,Champions
1852,2024-12-25,6,914.550000,186,At risk
1853,2025-06-25,7,898.550000,4,Developing
1854,2025-02-23,3,310.440000,126,At risk
1855,2024-02-20,2,275.770000,495,At risk
1856,2025-06-21,6,509.060000,8,Developing
1857,2025-05-16,2,139.050000,44,Developing
1858,2025-06-27,6,371.600000,2,Developing
1859,2025-01-08,2,211.860000,172,At risk
1860,2024-08-21,1,67.700000,312,At risk
1863,2025-03-11,4,231.600000,110,Developing
1864,2025-06-08,5,297.440000,21,Developing
1865,2025-06-03,7,767.650000,26,Developing
1866,2025-05-11,9,837.820000,49,Champions
1867,2025-06-07,12,967.380000,22,Champions
1868,2025-05-20,6,206.100000,40,Developing
1869,2025-05-03,3,265.410000,57,Developing
1870,2025-03-10,4,700.160000,111,Developing
1871,2025-04-07,6,430.000000,83,Developing
1872,2024-10-06,2,110.820000,266,At risk
1873,2024-10-28,1,41.360000,244,At risk
1874,2025-03-21,4,274.390000,100,Developing
1875,2025-03-27,3,255.810000,94,Developing
1876,2025-03-07,6,382.730000,114,Developing
1877,2025-04-06,16,1242.820000,84,Developing
1878,2024-01-03,1,38.110000,543,At risk
1879,2025-06-18,9,953.940000,11,Champions
1880,2025-06-24,2,106.190000,5,Developing
1881,2025-06-12,11,1821.280000,17,Champions
1882,2025-06-20,9,514.450000,9,Champions
1883,2025-06-02,11,1634.030000,27,Champions
1884,2024-10-15,6,564.280000,257,At risk
1885,2024-10-21,3,363.560000,251,At risk
1886,2025-06-19,5,679.540000,10,Developing
1887,2025-05-26,11,1185.740000,34,Champions
1888,2025-05-26,8,910.890000,34,Champions
1889,2025-01-06,1,191.130000,174,At risk
1890,2024-08-13,3,220.830000,320,At risk
1891,2025-06-09,10,511.610000,20,Champions
1892,2024-11-16,5,172.940000,225,At risk
1893,2025-06-17,8,365.350000,12,Champions
1894,2024-01-21,1,38.000000,525,At risk
1895,2025-05-09,17,1228.620000,51,Champions
1896,2025-05-16,5,181.950000,44,Developing
1897,2025-06-02,11,950.020000,27,Champions
1898,2024-12-11,4,273.600000,200,At risk
1899,2025-06-19,12,1014.230000,10,Champions
1900,2025-03-01,4,282.940000,120,Developing
1901,2025-05-01,12,855.350000,59,Champions
1902,2024-11-15,2,110.170000,226,At risk
1903,2024-09-27,1,114.980000,275,At risk
1904,2025-05-21,6,888.170000,39,Developing
1905,2025-05-27,6,466.010000,33,Developing
1906,2024-10-17,5,458.940000,255,At risk
1907,2025-05-04,13,1355.040000,56,Champions
1908,2025-05-15,5,445.430000,45,Developing
1909,2025-05-28,6,525.710000,32,Developing
1910,2025-06-25,11,812.900000,4,Champions
1911,2025-04-10,10,1315.090000,80,Developing
1912,2024-05-11,1,21.510000,414,At risk
1913,2025-06-08,4,865.100000,21,Developing
1914,2025-04-06,8,1011.040000,84,Developing
1915,2024-09-16,2,70.270000,286,At risk
1916,2024-08-11,1,57.350000,322,At risk
1917,2025-01-20,3,358.280000,160,At risk
1918,2024-11-19,3,439.250000,222,At risk
1919,2024-09-10,3,374.110000,292,At risk
1920,2025-02-09,5,419.350000,140,At risk
1921,2024-09-18,2,194.140000,284,At risk
1922,2024-12-21,5,690.450000,190,At risk
1923,2025-03-20,8,967.200000,101,Developing
1924,2025-05-09,11,483.160000,51,Champions
1925,2024-12-27,5,556.610000,184,At risk
1926,2024-06-14,2,281.910000,380,At risk
1927,2025-06-28,12,981.920000,1,Champions
1928,2025-04-13,10,712.770000,77,Developing
1929,2025-04-14,3,160.170000,76,Developing
1930,2025-06-05,7,1022.490000,24,Developing
1931,2024-12-05,4,424.620000,206,At risk
1932,2025-03-19,6,664.830000,102,Developing
1933,2025-01-08,3,105.540000,172,At risk
1934,2025-02-15,9,1011.010000,134,At risk
1935,2025-02-04,3,540.530000,145,At risk
1936,2025-06-19,4,480.130000,10,Developing
1937,2025-06-23,9,1012.820000,6,Champions
1938,2025-04-18,5,349.200000,72,Developing
1939,2024-10-05,2,133.880000,267,At risk
1940,2025-04-07,8,1080.920000,83,Developing
1941,2025-05-19,4,433.930000,41,Developing
1942,2025-03-21,6,494.530000,100,Developing
1943,2025-01-18,3,187.660000,162,At risk
1944,2025-04-28,9,979.400000,62,Developing
1945,2025-06-01,9,800.120000,28,Champions
1946,2025-06-13,9,489.410000,16,Champions
1947,2025-04-14,3,305.410000,76,Developing
1948,2025-06-10,9,1071.060000,19,Champions
1949,2025-06-11,10,1000.370000,18,Champions
1950,2025-06-15,12,1621.690000,14,Champions
1951,2025-05-27,10,804.970000,33,Champions
1952,2025-05-18,6,908.250000,42,Developing
1953,2025-02-24,7,498.510000,125,At risk
1954,2025-05-04,4,217.540000,56,Developing
1955,2025-06-16,13,835.500000,13,Champions
1956,2025-04-04,2,330.920000,86,Developing
1957,2025-05-18,8,738.280000,42,Champions
1958,2024-09-16,1,206.860000,286,At risk
1959,2025-06-01,3,151.230000,28,Developing
1960,2025-06-20,7,742.490000,9,Developing
1961,2025-03-02,2,183.850000,119,Developing
1962,2025-05-25,10,648.060000,35,Champions
1963,2025-01-18,7,421.690000,162,At risk
1964,2025-03-13,3,292.050000,108,Developing
1965,2025-05-19,4,854.520000,41,Developing
1966,2024-11-05,7,1180.870000,236,At risk
1967,2025-02-21,9,670.110000,128,At risk
1968,2025-01-26,8,529.480000,154,At risk
1969,2025-02-28,3,141.220000,121,At risk
1970,2025-02-24,8,645.570000,125,At risk
1971,2024-03-03,1,82.840000,483,At risk
1972,2025-06-14,11,753.520000,15,Champions
1973,2025-04-12,10,1034.430000,78,Developing
1974,2024-10-04,3,226.370000,268,At risk
1975,2025-05-18,4,453.230000,42,Developing
1976,2025-06-23,7,989.200000,6,Developing
1977,2025-06-11,7,657.690000,18,Developing
1978,2025-05-21,9,965.250000,39,Champions
1979,2025-04-18,13,941.370000,72,Developing
1980,2025-06-22,9,930.250000,7,Champions
1981,2025-03-04,8,561.040000,117,Developing
1982,2025-05-12,5,244.170000,48,Developing
1983,2025-02-14,8,769.950000,135,At risk
1984,2024-11-16,4,361.470000,225,At risk
1985,2025-04-07,6,661.690000,83,Developing
1986,2024-07-13,4,391.010000,351,At risk
1987,2025-04-21,10,652.040000,69,Developing
1988,2024-10-08,4,340.190000,264,At risk
1989,2025-06-11,15,1221.010000,18,Champions
1990,2025-05-14,9,626.170000,46,Champions
1991,2025-04-19,9,1192.780000,71,Developing
1992,2024-09-15,3,268.180000,287,At risk
1993,2024-09-28,6,629.600000,274,At risk
1994,2025-06-18,20,2159.320000,11,Champions
1995,2025-03-20,3,161.390000,101,Developing
1996,2025-06-12,4,473.970000,17,Developing
1997,2025-02-04,1,145.410000,145,At risk
1998,2025-01-01,4,253.870000,179,At risk
1999,2025-05-23,6,830.880000,37,Developing
2000,2025-01-09,8,504.510000,171,At risk
2001,2024-11-16,4,506.100000,225,At risk
2002,2025-02-26,5,808.470000,123,At risk
2003,2025-05-16,6,424.740000,44,Developing
2004,2025-02-27,6,274.200000,122,At risk
2005,2025-06-19,8,811.180000,10,Champions
2006,2025-01-16,7,892.630000,164,At risk
2007,2025-01-06,8,909.970000,174,At risk
2008,2024-10-15,1,21.350000,257,At risk
2009,2025-06-19,9,986.360000,10,Champions
2010,2025-03-13,4,265.880000,108,Developing
2012,2025-06-16,15,1717.900000,13,Champions
2013,2025-06-17,7,462.440000,12,Developing
2014,2025-03-24,7,790.840000,97,Developing
2015,2025-06-24,9,912.120000,5,Champions
2016,2025-06-27,8,695.270000,2,Champions
2017,2025-06-05,6,480.900000,24,Developing
2018,2025-05-24,7,826.680000,36,Developing
2019,2025-01-18,4,590.100000,162,At risk
2020,2025-02-12,5,409.380000,137,At risk
2021,2025-04-13,4,190.200000,77,Developing
2022,2025-04-21,7,646.920000,69,Developing
2023,2025-02-11,5,175.430000,138,At risk
2024,2025-03-16,5,216.430000,105,Developing
2025,2024-12-27,4,409.130000,184,At risk
2026,2025-01-27,7,705.520000,153,At risk
2027,2025-06-07,5,972.030000,22,Developing
2028,2025-06-16,7,1033.090000,13,Developing
2029,2024-11-14,7,501.420000,227,At risk
2030,2025-03-16,5,566.670000,105,Developing
2031,2025-02-19,3,329.620000,130,At risk
2032,2025-05-09,10,800.360000,51,Champions
2033,2025-04-18,11,1252.280000,72,Developing
2034,2024-12-17,3,220.550000,194,At risk
2035,2025-02-22,4,162.270000,127,At risk
2036,2024-07-26,1,40.990000,338,At risk
2037,2024-10-16,3,138.810000,256,At risk
2038,2025-06-11,9,916.290000,18,Champions
2039,2025-06-20,12,1336.070000,9,Champions
2040,2024-08-23,2,177.220000,310,At risk
2041,2025-05-27,11,1488.560000,33,Champions
2042,2025-05-14,9,1073.650000,46,Champions
2043,2024-12-19,5,561.110000,192,At risk
2044,2025-05-10,4,230.410000,50,Developing
2045,2025-05-07,11,807.070000,53,Champions
2046,2025-02-27,2,319.500000,122,At risk
2047,2025-05-13,6,491.980000,47,Developing
2048,2024-09-14,1,165.200000,288,At risk
2049,2024-09-12,2,96.730000,290,At risk
2050,2025-06-24,4,250.270000,5,Developing
2051,2025-02-15,5,631.510000,134,At risk
2052,2025-04-02,2,156.190000,88,Developing
2053,2025-06-20,13,1307.570000,9,Champions
2054,2025-06-02,5,703.010000,27,Developing
2055,2025-05-10,7,636.490000,50,Developing
2056,2025-06-09,9,386.130000,20,Champions
2057,2025-04-18,6,276.600000,72,Developing
2058,2025-06-19,4,137.670000,10,Developing
2059,2024-10-21,4,208.870000,251,At risk
2060,2025-03-19,3,141.830000,102,Developing
2061,2024-10-23,3,98.990000,249,At risk
2062,2025-05-21,8,618.040000,39,Champions
2063,2024-11-02,9,804.670000,239,At risk
2064,2024-10-24,4,364.370000,248,At risk
2065,2024-08-03,2,177.530000,330,At risk
2066,2025-06-27,5,360.830000,2,Developing
2067,2024-10-28,3,522.190000,244,At risk
2068,2024-07-01,1,90.160000,363,At risk
2069,2025-02-26,1,0.000000,123,At risk
2070,2025-02-15,8,715.470000,134,At risk
2071,2025-03-15,8,556.770000,106,Developing
2072,2025-05-21,8,603.920000,39,Champions
2073,2025-05-12,12,877.390000,48,Champions
2074,2025-04-20,2,79.350000,70,Developing
2075,2025-06-19,13,1046.430000,10,Champions
2076,2025-06-01,10,1032.070000,28,Champions
2077,2024-07-02,1,292.120000,362,At risk
2078,2024-12-16,4,641.130000,195,At risk
2079,2025-04-04,8,819.490000,86,Developing
2080,2025-06-22,7,682.600000,7,Developing
2081,2025-03-16,5,184.730000,105,Developing
2082,2025-06-20,9,602.340000,9,Champions
2083,2025-03-23,4,255.440000,98,Developing
2084,2025-04-01,7,577.360000,89,Developing
2085,2025-06-11,10,776.620000,18,Champions
2086,2024-06-15,1,127.740000,379,At risk
2087,2024-08-07,1,55.320000,326,At risk
2088,2025-06-26,13,966.130000,3,Champions
2089,2025-06-27,3,108.510000,2,Developing
2090,2025-03-21,5,332.490000,100,Developing
2091,2024-10-21,4,308.200000,251,At risk
2092,2025-05-11,13,1506.750000,49,Champions
2093,2025-02-07,4,352.230000,142,At risk
2094,2025-06-05,4,291.840000,24,Developing
2095,2025-05-15,9,1508.160000,45,Champions
2096,2025-04-22,2,521.080000,68,Developing
2097,2025-05-27,11,728.210000,33,Champions
2098,2024-07-19,1,184.020000,345,At risk
2099,2025-05-23,7,368.470000,37,Developing
2100,2025-05-25,13,934.820000,35,Champions
2101,2025-02-04,4,366.130000,145,At risk
2102,2025-06-06,9,587.470000,23,Champions
2103,2025-04-26,11,1151.770000,64,Developing
2104,2025-06-09,10,681.140000,20,Champions
2105,2024-06-07,1,70.740000,387,At risk
2106,2025-01-11,5,347.280000,169,At risk
2107,2025-06-04,10,1358.720000,25,Champions
2108,2025-02-08,3,293.110000,141,At risk
2109,2025-05-07,4,688.130000,53,Developing
2110,2025-04-24,8,392.190000,66,Developing
2111,2025-02-28,4,527.680000,121,At risk
2112,2025-02-11,11,776.500000,138,At risk
2113,2025-04-03,11,1238.650000,87,Developing
2114,2025-03-06,12,1044.420000,115,Developing
2115,2025-03-28,12,1224.370000,93,Developing
2116,2025-04-14,12,747.100000,76,Developing
2117,2025-05-19,5,420.480000,41,Developing
2118,2025-05-23,6,507.970000,37,Developing
2119,2024-12-05,3,268.830000,206,At risk
2120,2024-05-07,2,139.270000,418,At risk
2121,2025-04-12,11,1230.480000,78,Developing
2122,2024-08-23,3,131.790000,310,At risk
2123,2025-01-19,4,263.850000,161,At risk
2124,2025-04-19,3,415.150000,71,Developing
2125,2025-04-21,5,148.290000,69,Developing
2126,2025-05-16,6,390.490000,44,Developing
2127,2025-05-21,6,409.060000,39,Developing
2128,2025-01-22,3,109.950000,158,At risk
2129,2025-06-07,3,403.420000,22,Developing
2130,2025-03-26,4,306.030000,95,Developing
2131,2024-08-16,4,407.250000,317,At risk
2132,2024-05-13,1,0.000000,412,At risk
2133,2024-12-18,4,460.620000,193,At risk
2134,2025-06-13,9,645.350000,16,Champions
2135,2025-06-11,6,624.510000,18,Developing
2136,2024-07-20,2,346.540000,344,At risk
2137,2024-12-09,7,580.520000,202,At risk
2138,2025-06-10,10,816.930000,19,Champions
2139,2025-05-23,4,264.980000,37,Developing
2140,2025-04-17,6,757.140000,73,Developing
2141,2025-05-09,8,535.290000,51,Champions
2142,2025-02-25,6,271.950000,124,At risk
2143,2025-03-22,7,796.620000,99,Developing
2144,2025-06-14,8,649.240000,15,Champions
2145,2025-05-10,6,367.210000,50,Developing
2146,2024-11-23,5,313.690000,218,At risk
2147,2024-04-20,2,192.740000,435,At risk
2148,2025-01-23,4,356.500000,157,At risk
2149,2025-06-26,12,1290.330000,3,Champions
2150,2025-06-05,7,514.480000,24,Developing
2151,2025-06-25,5,610.570000,4,Developing
2152,2024-12-19,6,687.000000,192,At risk
2153,2025-01-25,6,236.730000,155,At risk
2154,2024-07-09,2,69.160000,355,At risk
2155,2025-02-21,3,259.710000,128,At risk
2156,2025-02-25,4,640.030000,124,At risk
2157,2024-09-04,5,717.620000,298,At risk
2158,2025-06-10,8,739.370000,19,Champions
2159,2025-01-10,8,556.560000,170,At risk
2160,2024-08-11,1,31.590000,322,At risk
2161,2025-06-26,5,799.630000,3,Developing
2162,2025-03-23,4,237.030000,98,Developing
2163,2025-05-14,9,754.740000,46,Champions
2164,2025-06-05,12,977.840000,24,Champions
2165,2025-05-05,10,739.910000,55,Champions
2166,2024-09-20,4,438.090000,282,At risk
2167,2025-05-08,8,791.640000,52,Champions
2168,2025-06-27,9,888.390000,2,Champions
2169,2025-03-25,10,522.590000,96,Developing
2170,2024-03-21,5,550.180000,465,At risk
2171,2024-04-08,1,75.670000,447,At risk
2172,2024-11-05,3,122.690000,236,At risk
2173,2025-04-04,7,354.920000,86,Developing
2174,2025-06-22,5,323.530000,7,Developing
2175,2025-05-19,6,417.550000,41,Developing
2176,2025-06-04,13,1257.930000,25,Champions
2177,2025-04-05,4,140.470000,85,Developing
2178,2024-08-05,1,77.250000,328,At risk
2179,2025-02-22,9,626.310000,127,At risk
2180,2025-04-21,4,267.450000,69,Developing
2181,2025-05-14,9,959.390000,46,Champions
2182,2025-04-01,11,971.900000,89,Developing
2183,2025-04-13,7,1020.960000,77,Developing
2184,2024-08-25,1,307.090000,308,At risk
2185,2025-01-12,3,195.790000,168,At risk
2186,2025-05-05,11,1194.940000,55,Champions
2187,2025-04-13,6,430.870000,77,Developing
2188,2024-04-20,3,383.340000,435,At risk
2189,2025-05-09,4,269.670000,51,Developing
2190,2024-10-08,1,285.680000,264,At risk
2191,2025-03-13,5,256.960000,108,Developing
2192,2025-03-27,10,982.930000,94,Developing
2193,2025-05-11,7,1108.080000,49,Developing
2194,2025-05-11,7,812.620000,49,Developing
2195,2025-06-03,10,583.960000,26,Champions
2196,2024-11-15,3,627.750000,226,At risk
2197,2025-06-13,11,700.080000,16,Champions
2198,2025-01-18,7,634.170000,162,At risk
2199,2025-02-03,6,364.370000,146,At risk
2200,2025-05-18,4,503.370000,42,Developing
