month,segment,orders,returns,revenue,profit,margin
2024-01,East,65,6,5108.130000,1763.790000,0.345291
2024-01,North,69,7,6659.470000,2065.320000,0.310133
2024-01,South,73,7,5897.290000,2108.260000,0.357496
2024-01,West,85,6,7802.910000,2462.970000,0.315648
2024-02,East,110,11,10524.590000,3206.530000,0.304670
2024-02,North,95,4,8485.010000,3031.440000,0.357270
2024-02,South,74,7,7254.660000,2239.070000,0.308639
2024-02,West,97,9,8141.840000,2917.730000,0.358362
2024-03,East,99,8,8966.450000,2932.310000,0.327031
2024-03,North,119,10,11027.540000,3544.400000,0.321413
2024-03,South,124,11,9717.130000,3514.430000,0.361674
2024-03,West,124,14,12008.170000,3676.700000,0.306183
2024-04,East,148,11,13863.840000,4350.630000,0.313811
2024-04,North,128,16,11169.130000,3605.030000,0.322767
2024-04,South,125,15,11266.000000,3334.620000,0.295990
2024-04,West,137,13,13160.140000,3690.540000,0.280433
2024-05,East,173,17,15007.630000,4925.860000,0.328224
2024-05,North,176,20,16709.120000,5240.280000,0.313618
2024-05,South,177,20,15687.140000,4481.420000,0.285675
2024-05,West,168,14,14650.170000,5015.990000,0.342384
2024-06,East,221,17,21341.420000,6525.030000,0.305745
2024-06,North,165,7,15301.260000,4851.380000,0.317058
2024-06,South,199,16,17706.620000,5852.700000,0.330537
2024-06,West,195,13,19807.250000,5895.210000,0.297629
2024-07,East,243,17,22539.090000,7400.730000,0.328351
2024-07,North,199,15,19625.680000,5667.120000,0.288760
2024-07,South,215,17,21065.330000,7108.040000,0.337428
2024-07,West,222,24,19202.010000,6079.270000,0.316596
2024-08,East,237,14,23388.860000,7738.990000,0.330884
2024-08,North,228,27,20336.230000,6255.970000,0.307627
2024-08,South,245,20,21455.740000,6796.960000,0.316790
2024-08,West,251,17,26363.740000,7639.900000,0.289788
2024-09,East,271,20,25464.460000,8007.560000,0.314460
2024-09,North,252,23,23051.120000,7594.280000,0.329454
2024-09,South,242,30,20403.810000,6213.460000,0.304524
2024-09,West,267,15,27252.700000,8499.260000,0.311869
2024-10,East,305,27,27583.980000,8717.300000,0.316028
2024-10,North,252,21,24269.890000,7769.370000,0.320124
2024-10,South,289,27,26148.230000,8310.050000,0.317805
2024-10,West,287,21,27115.370000,8839.140000,0.325983
2024-11,East,245,26,24694.380000,7112.780000,0.288032
2024-11,North,234,19,20375.530000,6567.160000,0.322306
2024-11,South,234,28,20788.730000,6443.510000,0.309952
2024-11,West,239,27,20636.900000,6276.270000,0.304129
2024-12,East,235,22,20097.890000,6486.050000,0.322723
2024-12,North,227,19,21505.150000,6635.090000,0.308535
2024-12,South,207,23,20257.900000,6096.510000,0.300945
2024-12,West,242,26,22022.640000,6480.080000,0.294246
2025-01,East,235,20,20422.220000,6982.630000,0.341913
2025-01,North,218,23,21130.880000,6348.980000,0.300460
2025-01,South,218,23,19786.620000,6150.330000,0.310833
2025-01,West,224,15,21869.560000,6708.850000,0.306767
2025-02,East,242,30,22621.010000,7050.100000,0.311662
2025-02,North,185,21,16762.150000,5278.830000,0.314926
2025-02,South,206,18,18942.960000,6047.610000,0.319254
2025-02,West,218,23,18590.350000,6177.640000,0.332304
2025-03,East,230,21,20743.550000,6475.050000,0.312148
2025-03,North,215,24,20219.200000,6181.480000,0.305723
2025-03,South,203,19,16668.450000,5007.220000,0.300401
2025-03,West,227,28,21731.740000,6583.780000,0.302957
2025-04,East,244,19,20113.020000,6840.200000,0.340088
2025-04,North,198,18,18106.750000,5387.400000,0.297535
2025-04,South,206,15,18411.520000,6072.490000,0.329820
2025-04,West,169,19,14390.580000,4648.540000,0.323027
2025-05,East,219,16,21139.350000,7048.520000,0.333431
2025-05,North,182,16,17371.170000,5511.410000,0.317273
2025-05,South,155,12,14999.730000,4822.510000,0.321506
2025-05,West,194,21,16365.470000,5221.680000,0.319067
2025-06,East,176,17,16791.390000,4878.940000,0.290562
2025-06,North,166,12,15034.770000,4489.080000,0.298580
2025-06,South,181,21,15835.270000,5097.470000,0.321906
2025-06,West,174,17,14392.280000,4862.510000,0.337855
